{
  "global": [
    {
      "type": "SET_MODEL_ID",
      "input": {
        "id": ""
      },
      "scope": "global",
      "index": 0,
      "timestamp": "2024-01-19T11:01:40.070Z",
      "hash": "Fd20qtObIUDJwJHse6VqFK8ObWY=",
      "skip": 0
    },
    {
      "type": "SET_MODEL_ID",
      "input": {
        "id": ""
      },
      "scope": "global",
      "index": 1,
      "timestamp": "2024-01-19T11:01:40.074Z",
      "hash": "Fd20qtObIUDJwJHse6VqFK8ObWY=",
      "skip": 0
    },
    {
      "type": "SET_MODEL_ID",
      "input": {
        "id": ""
      },
      "scope": "global",
      "index": 2,
      "timestamp": "2024-01-19T11:01:40.075Z",
      "hash": "Fd20qtObIUDJwJHse6VqFK8ObWY=",
      "skip": 0
    },
    {
      "type": "SET_MODEL_NAME",
      "input": {
        "name": "RwaPortfolio"
      },
      "scope": "global",
      "index": 3,
      "timestamp": "2024-01-19T11:01:44.660Z",
      "hash": "boL6JFtLaj0kFavk4FkjYbMpZfs=",
      "skip": 0
    },
    {
      "type": "SET_NAME",
      "input": "RwaPortfolio",
      "scope": "global",
      "index": 4,
      "timestamp": "2024-01-19T11:01:44.668Z",
      "hash": "boL6JFtLaj0kFavk4FkjYbMpZfs=",
      "skip": 0
    },
    {
      "type": "SET_NAME",
      "input": "RwaPortfolio",
      "scope": "global",
      "index": 5,
      "timestamp": "2024-01-19T11:01:44.669Z",
      "hash": "boL6JFtLaj0kFavk4FkjYbMpZfs=",
      "skip": 0
    },
    {
      "type": "SET_STATE_SCHEMA",
      "input": {
        "schema": "type RwaPortfolioState {\n\t\taccounts: [RwaAccount!]!\n\t\tprincipalLender: ID! # RwaAccount.id (That relates to the Maker account)\n\t\tspvs: [RwaSpv!]!\n\t\tfeeTypes: [RwaServiceProvider!]!\n\t\tfixedIncomeTypes: [RwaFixedIncomeType!]!\n    attachments: [RwaAttachment!]!\n\t\tportfolio: [RwaAsset!]!\n    transactions: [RwaGroupTransaction!]!\n}\n\nunion RwaAsset = RwaFixedIncome | RwaCash\n\ntype RwaFixedIncome {\n\t\tid: ID!\n\t\ttype: ID! # RwaFixedIncomeType.id\n    name: String!\n\t\tISIN: String\n\t\tCUSIP: String\n    spv: ID! # RwaSpv.id\n\n    coupon: Float\n    maturity: DateTime!\n\t\tpurchaseDate: DateTime!      # Weighted average of underlying transactions\n    \n    notional: Float!             # Face value\n    purchaseProceeds: Float!     # Total cash outflow spent on purchases\n    purchasePrice: Float!        # purchaseProceeds / notional\n    totalDiscount: Float!        # notional - purchaseProceeds\n\t\tmarketValue: Float!           \n\n\t\tcurrentValue(when: DateTime): Float     # (Current Date - Purchase Date) / ((Maturity Date - Current Date) * Total Discount + Purchase Proceeds   \n    annualizedYield: Float!      # (Purchase Price / ( Notional - Purchase Price)) x (365 / Days to Maturity ) * 100\n\t\trealizedSurplus: Float!      \n    totalSurplus: Float!\n}\n\ntype RwaCash {\n\t\tid: ID!\n\t\tspv: ID! # RwaSpv.id\n    currency: String!  # Will always be \"USD\" for version 1\n}\n\ntype RwaFixedIncomeType {\n\t\tid: ID!\n\t\tname: String!\n}\n\ntype RwaSpv {\n    id: ID!\n    name: String!\n}\n\ntype RwaBaseTransaction { \n\t\tid: ID!\n\t\tasset: ID! # RwaAsset.id\n\t\tamount: Float!\n\t\tentryTime: DateTime!\n\t\ttradeTime: DateTime\n\t\tsettlementTime: DateTime\n\t\ttxRef: String\n\t\taccount: ID # RwaAccount.id\n\t\tcounterParty: ID, # RwaAccount.id\n\t\t\n}\n\ntype RwaAccount {\n\t\tid: ID!\n\t\treference: String! # e.g. bank account number or ETH address\n\t\tlabel: String\n}\n\ntype RwaGroupTransaction {\n\t\tid: ID!\n\t\ttype: GroupTransactionType!\n\t\tassetTransaction: RwaBaseTransaction\n\t\tcashTransaction: RwaBaseTransaction\n\t\tinterestTransaction: RwaBaseTransaction\n\t\tfeeTransactions: [RwaBaseTransaction]\n\t\tattachments: [ID!] # Refers to RwaAttachment.id\n}\n\nenum GroupTransactionType {\n\t\tPrincipalDraw\n\t\tPrincipalReturn\n\t\tAssetPurchase\n\t\tAssetSale\n\t\tInterestDraw # Payment from Borrower to Arranger (If there is a coupon)\n\t\tInterestReturn # Payment from Arranger to Maker\n\t\tFeesPayment\n}\n\ntype RwaServiceProvider {\n    id: ID!\n    name: String!\n\t\tfeeType: String!\n}\n\ntype RwaTransactionFee {\n    serviceProviderId: ID!\n    amount: Float! \n}\n\ntype RwaAttachment {\n    id: ID!\n    title: String!\n\t\tfileType: String!\n    hash: String! \n}\n\nscalar DateTime",
        "scope": "global"
      },
      "scope": "global",
      "index": 6,
      "timestamp": "2024-01-19T11:02:18.047Z",
      "hash": "u4iYHq8NThjNq4OR96cGvK9jfkE=",
      "skip": 0
    },
    {
      "type": "SET_INITIAL_STATE",
      "input": {
        "initialValue": "{\"accounts\":[],\"principalLender\":\"initial-id\",\"spvs\":[],\"feeTypes\":[],\"fixedIncomeTypes\":[],\"attachements\":[],\"portfolio\":[],\"transactions\":[]}",
        "scope": "global"
      },
      "scope": "global",
      "index": 7,
      "timestamp": "2024-01-19T11:03:59.427Z",
      "hash": "PK088f9EPkwkCIxcm3rz1EiwozQ=",
      "skip": 0
    },
    {
      "type": "ADD_MODULE",
      "input": {
        "id": "Yl/ZEXfD4sPUOGFuwNkNSnw8jaI=",
        "name": "general"
      },
      "scope": "global",
      "index": 8,
      "timestamp": "2024-01-19T11:05:24.250Z",
      "hash": "3UttEVSpXxGewMBlmPwo7WbwpJI=",
      "skip": 0
    },
    {
      "type": "ADD_MODULE",
      "input": {
        "id": "S6LkZyJzDgDLyvsPY3dg5omH4Kc=",
        "name": "portfolio"
      },
      "scope": "global",
      "index": 9,
      "timestamp": "2024-01-19T11:05:41.974Z",
      "hash": "++r5I+zEN2/Cjho55guNoLhf+II=",
      "skip": 0
    },
    {
      "type": "ADD_MODULE",
      "input": {
        "id": "aZsq8U7Vp3YLkmISdadGmXTVVNs=",
        "name": "transactions"
      },
      "scope": "global",
      "index": 10,
      "timestamp": "2024-01-19T11:05:45.594Z",
      "hash": "Fq4ym3CqWHvmAv+wQOdyyjKGxPc=",
      "skip": 0
    },
    {
      "type": "ADD_MODULE",
      "input": {
        "id": "I3TSoJIjQW1o/F8F8iftlbRgoYY=",
        "name": "attachments"
      },
      "scope": "global",
      "index": 11,
      "timestamp": "2024-01-19T11:05:48.086Z",
      "hash": "POJlMB0Yw/VfNqaIFq5IkYQL5d4=",
      "skip": 0
    },
    {
      "type": "ADD_OPERATION",
      "input": {
        "id": "OSkSsemxe9jYh+/AGXsxUdEFnM4=",
        "moduleId": "Yl/ZEXfD4sPUOGFuwNkNSnw8jaI=",
        "name": "CREATE_SPV"
      },
      "scope": "global",
      "index": 12,
      "timestamp": "2024-01-19T11:06:02.216Z",
      "hash": "7MJTyB4axnBYhupITEugp1V74vg=",
      "skip": 0
    },
    {
      "type": "SET_OPERATION_SCHEMA",
      "input": {
        "id": "OSkSsemxe9jYh+/AGXsxUdEFnM4=",
        "schema": "input CreateSpvInput {\n\tid: ID!\n  name: String!\n}"
      },
      "scope": "global",
      "index": 13,
      "timestamp": "2024-01-19T11:06:08.752Z",
      "hash": "33huE+5vWY8KkymekPR1ZIyatGw=",
      "skip": 0
    },
    {
      "type": "SET_OPERATION_SCHEMA",
      "input": {
        "id": "OSkSsemxe9jYh+/AGXsxUdEFnM4=",
        "schema": "input CreateSpvInput {\n    \tid: ID!\n  name: String!\n}\n\n# add new types here\n"
      },
      "scope": "global",
      "index": 14,
      "timestamp": "2024-01-19T11:06:22.966Z",
      "hash": "QKVm6pLSUuOaEr0fM2wqClKDMIA=",
      "skip": 0
    },
    {
      "type": "ADD_OPERATION",
      "input": {
        "id": "DRF21J8LbR0FVeq5DvX+CnQaFZo=",
        "moduleId": "Yl/ZEXfD4sPUOGFuwNkNSnw8jaI=",
        "name": "EDIT_SPV"
      },
      "scope": "global",
      "index": 15,
      "timestamp": "2024-01-19T11:06:42.049Z",
      "hash": "0GRne9LE+rc1FuWUzcdzylj3ymU=",
      "skip": 0
    },
    {
      "type": "SET_OPERATION_SCHEMA",
      "input": {
        "id": "DRF21J8LbR0FVeq5DvX+CnQaFZo=",
        "schema": "input EditSpvInput {\n    id: ID\n}\n\n# add new types here\n"
      },
      "scope": "global",
      "index": 16,
      "timestamp": "2024-01-19T11:06:49.301Z",
      "hash": "XKsf1JZ4FfvUbHlC2FxkkjK5smQ=",
      "skip": 0
    },
    {
      "type": "SET_OPERATION_SCHEMA",
      "input": {
        "id": "DRF21J8LbR0FVeq5DvX+CnQaFZo=",
        "schema": "input EditSpvInput {\n    id: ID!\n}\n\n# add new types here\n"
      },
      "scope": "global",
      "index": 17,
      "timestamp": "2024-01-19T11:06:49.614Z",
      "hash": "jixF+BdDCCYyybj9UBsmue3Guvo=",
      "skip": 0
    },
    {
      "type": "SET_OPERATION_SCHEMA",
      "input": {
        "id": "DRF21J8LbR0FVeq5DvX+CnQaFZo=",
        "schema": "input EditSpvInput {\n    id: ID!\n    \n}\n\n# add new types here\n"
      },
      "scope": "global",
      "index": 18,
      "timestamp": "2024-01-19T11:06:50.848Z",
      "hash": "Yoq3cVPnO2Kp8sQDdaF/wR/n+EA=",
      "skip": 0
    },
    {
      "type": "SET_OPERATION_SCHEMA",
      "input": {
        "id": "DRF21J8LbR0FVeq5DvX+CnQaFZo=",
        "schema": "input EditSpvInput {\n    id: ID!\n    name: String\n}\n\n# add new types here\n"
      },
      "scope": "global",
      "index": 19,
      "timestamp": "2024-01-19T11:06:52.473Z",
      "hash": "74lb6J/BSFWlAhMCjecUkj3YgK8=",
      "skip": 0
    },
    {
      "type": "ADD_OPERATION",
      "input": {
        "id": "lKR/ln4O+KeVAht2JyK9KGszlsQ=",
        "moduleId": "Yl/ZEXfD4sPUOGFuwNkNSnw8jaI=",
        "name": "DELETE_SPV"
      },
      "scope": "global",
      "index": 20,
      "timestamp": "2024-01-19T11:07:01.050Z",
      "hash": "e86C3pqK5L5kWChXnMlQ9DYLf34=",
      "skip": 0
    },
    {
      "type": "SET_OPERATION_SCHEMA",
      "input": {
        "id": "lKR/ln4O+KeVAht2JyK9KGszlsQ=",
        "schema": "input DeleteSpvInput {\n    id: ID\n}\n\n# add new types here\n"
      },
      "scope": "global",
      "index": 21,
      "timestamp": "2024-01-19T11:07:07.562Z",
      "hash": "EOwUUXSb24auf7lM6dHVowKHc/I=",
      "skip": 0
    },
    {
      "type": "SET_OPERATION_SCHEMA",
      "input": {
        "id": "lKR/ln4O+KeVAht2JyK9KGszlsQ=",
        "schema": "input DeleteSpvInput {\n    id: ID!\n}\n\n# add new types here\n"
      },
      "scope": "global",
      "index": 22,
      "timestamp": "2024-01-19T11:07:08.881Z",
      "hash": "95pW0rovBeSVJCfXUi7wQQN7szE=",
      "skip": 0
    },
    {
      "type": "ADD_OPERATION",
      "input": {
        "id": "Q9FxdKfya8ND+MFhh3p7dzhW6/4=",
        "moduleId": "Yl/ZEXfD4sPUOGFuwNkNSnw8jaI=",
        "name": "CREATE_SERVICE_PROVIDER"
      },
      "scope": "global",
      "index": 23,
      "timestamp": "2024-01-19T11:07:19.262Z",
      "hash": "CfYWNAy8t8P/D3kL98Rig81OkGc=",
      "skip": 0
    },
    {
      "type": "ADD_OPERATION",
      "input": {
        "id": "D2Zkwm89QJ8yeF1LOaNdlnh6mgk=",
        "moduleId": "Yl/ZEXfD4sPUOGFuwNkNSnw8jaI=",
        "name": "EDIT_SERVICE_PROVIDER"
      },
      "scope": "global",
      "index": 24,
      "timestamp": "2024-01-19T11:07:29.356Z",
      "hash": "/bI/kxAmFr7qQ32ulz43xOsIJoI=",
      "skip": 0
    },
    {
      "type": "ADD_OPERATION",
      "input": {
        "id": "VNIpnLnET2frJhUbA+rlP9W2Zgw=",
        "moduleId": "Yl/ZEXfD4sPUOGFuwNkNSnw8jaI=",
        "name": "DELETE_SERVICE_PROVIDER"
      },
      "scope": "global",
      "index": 25,
      "timestamp": "2024-01-19T11:07:37.885Z",
      "hash": "APWoi68JZhq2bMonswD01XVho/8=",
      "skip": 0
    },
    {
      "type": "SET_OPERATION_SCHEMA",
      "input": {
        "id": "Q9FxdKfya8ND+MFhh3p7dzhW6/4=",
        "schema": "input CreateServiceProviderInput {\n    \tid: ID!\n\tname: String!\n\tfeeType: String!\n}\n\n# add new types here\n"
      },
      "scope": "global",
      "index": 26,
      "timestamp": "2024-01-19T11:07:55.506Z",
      "hash": "I2+ghjCvlEId9HkytqTSuIajUTM=",
      "skip": 0
    },
    {
      "type": "SET_OPERATION_SCHEMA",
      "input": {
        "id": "D2Zkwm89QJ8yeF1LOaNdlnh6mgk=",
        "schema": "input EditServiceProviderInput {\n   \tid: ID!\n\tname: String\n\tfeeType: String\n\n}\n\n# add new types here\n"
      },
      "scope": "global",
      "index": 27,
      "timestamp": "2024-01-19T11:08:06.972Z",
      "hash": "QDwAMyy1wHHykhVPibdADf257XQ=",
      "skip": 0
    },
    {
      "type": "SET_OPERATION_SCHEMA",
      "input": {
        "id": "D2Zkwm89QJ8yeF1LOaNdlnh6mgk=",
        "schema": "input EditServiceProviderInput {\n   \tid: ID!\n\tname: String\n\tfeeType: String\n}\n\n# add new types here\n"
      },
      "scope": "global",
      "index": 28,
      "timestamp": "2024-01-19T11:08:08.893Z",
      "hash": "To50Sa2dMUopYw45ceiuqQrjk0s=",
      "skip": 0
    },
    {
      "type": "SET_OPERATION_SCHEMA",
      "input": {
        "id": "VNIpnLnET2frJhUbA+rlP9W2Zgw=",
        "schema": "input DeleteServiceProviderInput {\n    id: ID\n}\n\n# add new types here\n"
      },
      "scope": "global",
      "index": 29,
      "timestamp": "2024-01-19T11:08:15.596Z",
      "hash": "Qt7Xrsr7Pj+9KguGJVYDuN82Jg0=",
      "skip": 0
    },
    {
      "type": "SET_OPERATION_SCHEMA",
      "input": {
        "id": "VNIpnLnET2frJhUbA+rlP9W2Zgw=",
        "schema": "input DeleteServiceProviderInput {\n    id: ID!\n}\n\n# add new types here\n"
      },
      "scope": "global",
      "index": 30,
      "timestamp": "2024-01-19T11:08:15.882Z",
      "hash": "yBucD31b6Tv0JD256IYUlFeIIFo=",
      "skip": 0
    },
    {
      "type": "ADD_OPERATION",
      "input": {
        "id": "nKGLGOHqaxtn382PRYgMni6JKyo=",
        "moduleId": "S6LkZyJzDgDLyvsPY3dg5omH4Kc=",
        "name": "CREATE_RWA_FIXED_INCOME_ASSET"
      },
      "scope": "global",
      "index": 31,
      "timestamp": "2024-01-19T11:08:32.313Z",
      "hash": "6zW1r5qtNvJ1PLwKm2wkDjR5F3A=",
      "skip": 0
    },
    {
      "type": "ADD_OPERATION",
      "input": {
        "id": "SsPBD1U5nYqTCRFu4g0+grvif8o=",
        "moduleId": "S6LkZyJzDgDLyvsPY3dg5omH4Kc=",
        "name": "CREATE_RWA_CASH_ASSET"
      },
      "scope": "global",
      "index": 32,
      "timestamp": "2024-01-19T11:08:45.590Z",
      "hash": "b2awMEc1BsOeE8RvDSMXe1acAy0=",
      "skip": 0
    },
    {
      "type": "ADD_OPERATION",
      "input": {
        "id": "I2Cu0ePD1yWfsRBCKOVte4mI8JU=",
        "moduleId": "S6LkZyJzDgDLyvsPY3dg5omH4Kc=",
        "name": "EDIT_RWA_FIXED_INCOME_ASSET"
      },
      "scope": "global",
      "index": 33,
      "timestamp": "2024-01-19T11:08:58.795Z",
      "hash": "4MDoh4vNx0SHI8FGwt87hPs5cD8=",
      "skip": 0
    },
    {
      "type": "ADD_OPERATION",
      "input": {
        "id": "s01BdyXEkcBm32feRrFd0BTQ+aM=",
        "moduleId": "S6LkZyJzDgDLyvsPY3dg5omH4Kc=",
        "name": "EDIT_RWA_CASH_ASSET"
      },
      "scope": "global",
      "index": 34,
      "timestamp": "2024-01-19T11:09:09.782Z",
      "hash": "c+1L+RWnRg7J8PgI6AxThDFIdUo=",
      "skip": 0
    },
    {
      "type": "ADD_OPERATION",
      "input": {
        "id": "WiIOGpzs1TowDkkCvEM/IttAoJ8=",
        "moduleId": "S6LkZyJzDgDLyvsPY3dg5omH4Kc=",
        "name": "DELETE_RWA_FIXED_INCOME_ASSET"
      },
      "scope": "global",
      "index": 35,
      "timestamp": "2024-01-19T11:09:16.997Z",
      "hash": "mHH0q18NTHLoHlnPIc0YymihBJw=",
      "skip": 0
    },
    {
      "type": "ADD_OPERATION",
      "input": {
        "id": "oOuY9WG2Fb/i+LcI8r20LGEzEJQ=",
        "moduleId": "S6LkZyJzDgDLyvsPY3dg5omH4Kc=",
        "name": "DELETE_RWA_CASH_ASSET"
      },
      "scope": "global",
      "index": 36,
      "timestamp": "2024-01-19T11:09:21.916Z",
      "hash": "Wp0SVLeNy8m+Pun7fKY1lWb1uog=",
      "skip": 0
    },
    {
      "type": "SET_OPERATION_SCHEMA",
      "input": {
        "id": "SsPBD1U5nYqTCRFu4g0+grvif8o=",
        "schema": "input CreateRwaCashAssetInput {\n\t\tid: ID!\n\tspv: ID! # RwaSpv.id\n  currency: String! # Will always be \"USD\" for version 1\n\n}\n\n# add new types here\n"
      },
      "scope": "global",
      "index": 37,
      "timestamp": "2024-01-19T11:10:08.295Z",
      "hash": "lZBTZW7TfV4FSpKIsX48PwfddM4=",
      "skip": 0
    },
    {
      "type": "SET_OPERATION_SCHEMA",
      "input": {
        "id": "SsPBD1U5nYqTCRFu4g0+grvif8o=",
        "schema": "input CreateRwaCashAssetInput {\n\t\tid: ID!\n\tspv: ID! # RwaSpv.id\n  currency: String! # Will always be \"USD\" for version 1\n}\n\n# add new types here\n"
      },
      "scope": "global",
      "index": 38,
      "timestamp": "2024-01-19T11:10:11.474Z",
      "hash": "es240HRSUm8wP6Wa/i1gB5Fukbs=",
      "skip": 0
    },
    {
      "type": "SET_OPERATION_SCHEMA",
      "input": {
        "id": "s01BdyXEkcBm32feRrFd0BTQ+aM=",
        "schema": "input EditRwaCashAssetInput {\n\tid: ID!\n\tspv: ID # RwaSpv.id\n  currency: String # Will always be \"USD\" for version 1\n}\n\n# add new types here\n"
      },
      "scope": "global",
      "index": 39,
      "timestamp": "2024-01-19T11:10:57.964Z",
      "hash": "qt3kYDhGdjGaUDPZliN/cEKG7SE=",
      "skip": 0
    },
    {
      "type": "SET_OPERATION_SCHEMA",
      "input": {
        "id": "WiIOGpzs1TowDkkCvEM/IttAoJ8=",
        "schema": "input DeleteRwaFixedIncomeAssetInput {\n    id: ID\n}\n\n# add new types here\n"
      },
      "scope": "global",
      "index": 40,
      "timestamp": "2024-01-19T11:11:08.988Z",
      "hash": "6nxAJwvyNsr7Tc4AtqHvKaH1A7M=",
      "skip": 0
    },
    {
      "type": "SET_OPERATION_SCHEMA",
      "input": {
        "id": "WiIOGpzs1TowDkkCvEM/IttAoJ8=",
        "schema": "input DeleteRwaFixedIncomeAssetInput {\n    id: ID\n}\n\n# add new types here\n"
      },
      "scope": "global",
      "index": 41,
      "timestamp": "2024-01-19T11:11:10.031Z",
      "hash": "6nxAJwvyNsr7Tc4AtqHvKaH1A7M=",
      "skip": 0
    },
    {
      "type": "SET_OPERATION_SCHEMA",
      "input": {
        "id": "WiIOGpzs1TowDkkCvEM/IttAoJ8=",
        "schema": "input DeleteRwaFixedIncomeAssetInput {\n    id: ID!\n}\n\n# add new types here\n"
      },
      "scope": "global",
      "index": 42,
      "timestamp": "2024-01-19T11:11:10.647Z",
      "hash": "B/ueZtlYGk/rMjWVo3FFyoumij4=",
      "skip": 0
    },
    {
      "type": "SET_OPERATION_SCHEMA",
      "input": {
        "id": "oOuY9WG2Fb/i+LcI8r20LGEzEJQ=",
        "schema": "input DeleteRwaCashAssetInput {\n    id: ID\n}\n\n# add new types here\n"
      },
      "scope": "global",
      "index": 43,
      "timestamp": "2024-01-19T11:11:16.511Z",
      "hash": "eQW2sGQFwOik9TkhLvwY7XhdMr4=",
      "skip": 0
    },
    {
      "type": "SET_OPERATION_SCHEMA",
      "input": {
        "id": "oOuY9WG2Fb/i+LcI8r20LGEzEJQ=",
        "schema": "input DeleteRwaCashAssetInput {\n    id: ID!\n}\n\n# add new types here\n"
      },
      "scope": "global",
      "index": 44,
      "timestamp": "2024-01-19T11:11:16.822Z",
      "hash": "UIygg+MhXLPh7UVGo2SHfcPSNg8=",
      "skip": 0
    },
    {
      "type": "ADD_OPERATION",
      "input": {
        "id": "se84SDZj7n36PzIW5JPvUvYmOcg=",
        "moduleId": "aZsq8U7Vp3YLkmISdadGmXTVVNs=",
        "name": "CREATE_GROUP_TRANSACTION"
      },
      "scope": "global",
      "index": 45,
      "timestamp": "2024-01-19T11:11:31.131Z",
      "hash": "GXpSPtH267lqtSEwbXLC2UUgass=",
      "skip": 0
    },
    {
      "type": "ADD_OPERATION",
      "input": {
        "id": "HGDOQuUt3XiXsfQqgpLFUAJoerc=",
        "moduleId": "aZsq8U7Vp3YLkmISdadGmXTVVNs=",
        "name": "EDIT_GROUP_TRANSACTION"
      },
      "scope": "global",
      "index": 46,
      "timestamp": "2024-01-19T11:11:47.808Z",
      "hash": "3yCbFadV18zF/UzZSzlVhSRaOXc=",
      "skip": 0
    },
    {
      "type": "ADD_OPERATION",
      "input": {
        "id": "sVzG0QHIjUwD4IffaZ+47riwIVM=",
        "moduleId": "aZsq8U7Vp3YLkmISdadGmXTVVNs=",
        "name": "DELETE_GROUP_TRANSACTION"
      },
      "scope": "global",
      "index": 47,
      "timestamp": "2024-01-19T11:12:03.188Z",
      "hash": "7ug+IP2IYEWfVr6xJqAzo7VYubU=",
      "skip": 0
    },
    {
      "type": "SET_OPERATION_SCHEMA",
      "input": {
        "id": "sVzG0QHIjUwD4IffaZ+47riwIVM=",
        "schema": "input DeleteGroupTransactionInput {\n    id: ID\n}\n\n# add new types here\n"
      },
      "scope": "global",
      "index": 48,
      "timestamp": "2024-01-19T11:12:07.719Z",
      "hash": "AHGBRzVLBdd5faV8VTzdEGLB0QM=",
      "skip": 0
    },
    {
      "type": "SET_OPERATION_SCHEMA",
      "input": {
        "id": "sVzG0QHIjUwD4IffaZ+47riwIVM=",
        "schema": "input DeleteGroupTransactionInput {\n    id: ID!\n}\n\n# add new types here\n"
      },
      "scope": "global",
      "index": 49,
      "timestamp": "2024-01-19T11:12:08.084Z",
      "hash": "RqNikRubTJdI31t77J3xe68jFFY=",
      "skip": 0
    },
    {
      "type": "ADD_OPERATION",
      "input": {
        "id": "OTaRZV4Ec/lxIWv7YDnyZ4ZpFVE=",
        "moduleId": "I3TSoJIjQW1o/F8F8iftlbRgoYY=",
        "name": "CREATE_ATTACHMENT"
      },
      "scope": "global",
      "index": 50,
      "timestamp": "2024-01-19T11:12:25.687Z",
      "hash": "/GvC+bmXGqEq5rtNstsQvHsvWS8=",
      "skip": 0
    },
    {
      "type": "SET_OPERATION_SCHEMA",
      "input": {
        "id": "OTaRZV4Ec/lxIWv7YDnyZ4ZpFVE=",
        "schema": "input CreateAttachmentInput {\n        id: ID!\n    title: String\n\t\tfileType: String\n    hash: String \n\n}\n\n# add new types here\n"
      },
      "scope": "global",
      "index": 51,
      "timestamp": "2024-01-19T11:12:44.360Z",
      "hash": "RrGRTtQkUlI07/zsQ/+fkBIQMh4=",
      "skip": 0
    },
    {
      "type": "SET_OPERATION_SCHEMA",
      "input": {
        "id": "OTaRZV4Ec/lxIWv7YDnyZ4ZpFVE=",
        "schema": "input CreateAttachmentInput {\n        id: ID!\n    title: String\n\t\tfileType: String\n    hash: String \n}\n\n# add new types here\n"
      },
      "scope": "global",
      "index": 52,
      "timestamp": "2024-01-19T11:12:47.699Z",
      "hash": "GNFvOXFIZUJkzqCs+eopuCgPbeI=",
      "skip": 0
    },
    {
      "type": "SET_OPERATION_SCHEMA",
      "input": {
        "id": "OTaRZV4Ec/lxIWv7YDnyZ4ZpFVE=",
        "schema": "input CreateAttachmentInput {\n        id: ID!\n    title: String!\n\t\tfileType: String\n    hash: String \n}\n\n# add new types here\n"
      },
      "scope": "global",
      "index": 53,
      "timestamp": "2024-01-19T11:12:56.169Z",
      "hash": "+UMeKUOxHR7khEC4YNjgUAJqGZc=",
      "skip": 0
    },
    {
      "type": "SET_OPERATION_SCHEMA",
      "input": {
        "id": "OTaRZV4Ec/lxIWv7YDnyZ4ZpFVE=",
        "schema": "input CreateAttachmentInput {\n        id: ID!\n    title: String!\n\t\tfileType: String!\n    hash: String \n}\n\n# add new types here\n"
      },
      "scope": "global",
      "index": 54,
      "timestamp": "2024-01-19T11:12:57.687Z",
      "hash": "cZP1sWtnsnfriY9FnxhcUw7lv6Y=",
      "skip": 0
    },
    {
      "type": "SET_OPERATION_SCHEMA",
      "input": {
        "id": "OTaRZV4Ec/lxIWv7YDnyZ4ZpFVE=",
        "schema": "input CreateAttachmentInput {\n        id: ID!\n    title: String!\n\t\tfileType: String!\n    hash: String! \n}\n\n# add new types here\n"
      },
      "scope": "global",
      "index": 55,
      "timestamp": "2024-01-19T11:13:01.533Z",
      "hash": "IfZrpasYX2ESQoWlR1WxRkuz3nI=",
      "skip": 0
    },
    {
      "type": "ADD_OPERATION",
      "input": {
        "id": "0i6igmX69+ekPEAyudG/2QBz1TE=",
        "moduleId": "I3TSoJIjQW1o/F8F8iftlbRgoYY=",
        "name": "EDIT_ATTACHMENT"
      },
      "scope": "global",
      "index": 56,
      "timestamp": "2024-01-19T11:13:28.157Z",
      "hash": "MsnRoGPjkEWsTmgM9CHGvnvZ96k=",
      "skip": 0
    },
    {
      "type": "SET_OPERATION_SCHEMA",
      "input": {
        "id": "0i6igmX69+ekPEAyudG/2QBz1TE=",
        "schema": "input EditAttachmentInput {\n    \tid: ID!\n\ttitle: String\n\tfileType: String    \n\thash: String \n\n}\n\n# add new types here\n"
      },
      "scope": "global",
      "index": 57,
      "timestamp": "2024-01-19T11:13:37.836Z",
      "hash": "X4+4jW0STEVp5OKaLV1AJsM0jzo=",
      "skip": 0
    },
    {
      "type": "SET_OPERATION_SCHEMA",
      "input": {
        "id": "0i6igmX69+ekPEAyudG/2QBz1TE=",
        "schema": "input EditAttachmentInput {\n    \tid: ID!\n\ttitle: String\n\tfileType: String    \n\thash: String \n}\n\n# add new types here\n"
      },
      "scope": "global",
      "index": 58,
      "timestamp": "2024-01-19T11:13:39.105Z",
      "hash": "Q6ClZuiApnMvubiyk1Jvri8atUU=",
      "skip": 0
    },
    {
      "type": "ADD_OPERATION",
      "input": {
        "id": "UNtwIgtl5Jyb4bQshkg7TQF5XXQ=",
        "moduleId": "I3TSoJIjQW1o/F8F8iftlbRgoYY=",
        "name": "DELETE_ATTACHMENT"
      },
      "scope": "global",
      "index": 59,
      "timestamp": "2024-01-19T11:13:45.324Z",
      "hash": "GFHRCQdpJ+fvB3tCwxZX2k9YVIs=",
      "skip": 0
    },
    {
      "type": "SET_OPERATION_SCHEMA",
      "input": {
        "id": "UNtwIgtl5Jyb4bQshkg7TQF5XXQ=",
        "schema": "input DeleteAttachmentInput {\n    id: ID\n}\n\n# add new types here\n"
      },
      "scope": "global",
      "index": 60,
      "timestamp": "2024-01-19T11:13:49.403Z",
      "hash": "IEvCso6RM81XTpy+Rza+Mxc1w5I=",
      "skip": 0
    },
    {
      "type": "SET_OPERATION_SCHEMA",
      "input": {
        "id": "UNtwIgtl5Jyb4bQshkg7TQF5XXQ=",
        "schema": "input DeleteAttachmentInput {\n    id: ID!\n}\n\n# add new types here\n"
      },
      "scope": "global",
      "index": 61,
      "timestamp": "2024-01-19T11:13:49.739Z",
      "hash": "YEJF7Uw+C9s/LXhMmTdkTVvqL+c=",
      "skip": 0
    }
  ],
  "local": []
}