{
  "global": [
    {
      "type": "SET_MODEL_NAME",
      "input": {
        "name": "subgraph-module"
      },
      "scope": "global",
      "action": {
        "type": "SET_MODEL_NAME",
        "input": {
          "name": "subgraph-module"
        },
        "scope": "global"
      },
      "id": "fad60637-1812-4e30-8fe0-40baf38a0800",
      "timestamp": "2025-08-13T18:12:39.768Z",
      "hash": "sPRIFSgdUHxXoa2akRPe6xNV//k=",
      "index": 0,
      "skip": 0
    },
    {
      "type": "SET_STATE_SCHEMA",
      "input": {
        "schema": "type SubgraphModuleState {\n  \"Add your global state fields here\"\n  _placeholder: String\n}",
        "scope": "global"
      },
      "scope": "global",
      "action": {
        "type": "SET_STATE_SCHEMA",
        "input": {
          "schema": "type SubgraphModuleState {\n  \"Add your global state fields here\"\n  _placeholder: String\n}",
          "scope": "global"
        },
        "scope": "global"
      },
      "id": "ed30d516-f54d-4f10-be81-67ea80c867d3",
      "timestamp": "2025-08-13T18:12:39.786Z",
      "hash": "m5hhWuBOSR3K8DHaNFRGyWzYJvA=",
      "index": 1,
      "skip": 0
    },
    {
      "type": "SET_MODEL_ID",
      "input": {
        "id": "powerhouse/subgraph"
      },
      "scope": "global",
      "action": {
        "type": "SET_MODEL_ID",
        "input": {
          "id": "powerhouse/subgraph"
        },
        "scope": "global"
      },
      "id": "749f6a85-e480-440c-aada-798473c14ba8",
      "timestamp": "2025-08-13T18:12:42.205Z",
      "hash": "N07WcEPJqVC2H5/kXDI8QX4dvwk=",
      "index": 2,
      "skip": 0
    },
    {
      "type": "SET_AUTHOR_NAME",
      "input": {
        "authorName": "Powerhouse"
      },
      "scope": "global",
      "action": {
        "type": "SET_AUTHOR_NAME",
        "input": {
          "authorName": "Powerhouse"
        },
        "scope": "global"
      },
      "id": "4681f5a3-5b4a-48d7-8abd-1256376f71f7",
      "timestamp": "2025-08-13T18:12:47.679Z",
      "hash": "G28pkJ6Up+zO+qxZ4CgIxeY+R7c=",
      "index": 3,
      "skip": 0
    },
    {
      "type": "SET_AUTHOR_WEBSITE",
      "input": {
        "authorWebsite": "https://powerhouse.inc"
      },
      "scope": "global",
      "action": {
        "type": "SET_AUTHOR_WEBSITE",
        "input": {
          "authorWebsite": "https://powerhouse.inc"
        },
        "scope": "global"
      },
      "id": "ebea79c1-4d8f-4df7-9c63-2dcc4c801911",
      "timestamp": "2025-08-13T18:12:57.226Z",
      "hash": "+pT+sVGpmQ44D4AB5LkZGdwu7fk=",
      "index": 4,
      "skip": 0
    },
    {
      "type": "SET_MODEL_EXTENSION",
      "input": {
        "extension": ".phdm"
      },
      "scope": "global",
      "action": {
        "type": "SET_MODEL_EXTENSION",
        "input": {
          "extension": ".phdm"
        },
        "scope": "global"
      },
      "id": "4a4b1475-8de6-4fb4-8962-b7c16ac0baf0",
      "timestamp": "2025-08-13T18:12:59.829Z",
      "hash": "9hICgZ9cORH+WInatDMV7KuN1os=",
      "index": 5,
      "skip": 0
    },
    {
      "type": "SET_STATE_SCHEMA",
      "input": {
        "schema": "type SubgraphModuleState {\n  name: String!\n}",
        "scope": "global"
      },
      "scope": "global",
      "action": {
        "type": "SET_STATE_SCHEMA",
        "input": {
          "schema": "type SubgraphModuleState {\n  name: String!\n}",
          "scope": "global"
        },
        "scope": "global"
      },
      "id": "c2dd39ff-38c3-4706-a618-87ac0a5267e3",
      "timestamp": "2025-08-13T18:13:05.211Z",
      "hash": "RcBuYbL9iy7Ct0m/KB2Dm3pnUHA=",
      "index": 6,
      "skip": 0
    },
    {
      "type": "SET_INITIAL_STATE",
      "input": {
        "initialValue": "{\n  \"name\": \"\"\n}",
        "scope": "global"
      },
      "scope": "global",
      "action": {
        "type": "SET_INITIAL_STATE",
        "input": {
          "initialValue": "{\n  \"name\": \"\"\n}",
          "scope": "global"
        },
        "scope": "global"
      },
      "id": "a958dd5a-a51f-4e63-abc5-55c3bfac8b50",
      "timestamp": "2025-08-13T18:13:06.391Z",
      "hash": "TyacfHqsJzwvoQWbUNonWys6Sus=",
      "index": 7,
      "skip": 0
    },
    {
      "type": "ADD_MODULE",
      "input": {
        "id": "8af5bda9-6fc7-4427-bfed-1d32d76a552f",
        "name": "base_operations"
      },
      "scope": "global",
      "action": {
        "type": "ADD_MODULE",
        "input": {
          "id": "8af5bda9-6fc7-4427-bfed-1d32d76a552f",
          "name": "base_operations"
        },
        "scope": "global"
      },
      "id": "e29b8c3d-4098-4aa9-8840-aa395149f32c",
      "timestamp": "2025-08-13T18:13:10.873Z",
      "hash": "l2Y9LRcc34fr+d4pqzt0+8mZxbE=",
      "index": 8,
      "skip": 0
    },
    {
      "type": "ADD_OPERATION",
      "input": {
        "id": "d7cd6b6b-01ea-42c8-97e2-288e04b50b42",
        "moduleId": "8af5bda9-6fc7-4427-bfed-1d32d76a552f",
        "name": "SET_SUBGRAPH_NAME"
      },
      "scope": "global",
      "action": {
        "type": "ADD_OPERATION",
        "input": {
          "id": "d7cd6b6b-01ea-42c8-97e2-288e04b50b42",
          "moduleId": "8af5bda9-6fc7-4427-bfed-1d32d76a552f",
          "name": "SET_SUBGRAPH_NAME"
        },
        "scope": "global"
      },
      "id": "2933f7a6-0967-4d9f-a321-007f1b22d784",
      "timestamp": "2025-08-13T18:13:17.037Z",
      "hash": "B+k7w67JPLx4oYaicws1S5nEW5Y=",
      "index": 9,
      "skip": 0
    },
    {
      "type": "SET_OPERATION_SCHEMA",
      "input": {
        "id": "d7cd6b6b-01ea-42c8-97e2-288e04b50b42",
        "schema": "input SetSubgraphNameInput {\n  \"Add your inputs here\"\n  _placeholder: String\n}"
      },
      "scope": "global",
      "action": {
        "type": "SET_OPERATION_SCHEMA",
        "input": {
          "id": "d7cd6b6b-01ea-42c8-97e2-288e04b50b42",
          "schema": "input SetSubgraphNameInput {\n  \"Add your inputs here\"\n  _placeholder: String\n}"
        },
        "scope": "global"
      },
      "id": "5bf164bd-9093-4586-ba61-15443562ccb1",
      "timestamp": "2025-08-13T18:13:17.046Z",
      "hash": "0E0DAQfq/0wjz28rbPIPbRZOfS4=",
      "index": 10,
      "skip": 0
    },
    {
      "type": "SET_OPERATION_SCHEMA",
      "input": {
        "id": "d7cd6b6b-01ea-42c8-97e2-288e04b50b42",
        "schema": "input SetSubgraphNameInput {\n  name: String!\n}"
      },
      "scope": "global",
      "action": {
        "type": "SET_OPERATION_SCHEMA",
        "input": {
          "id": "d7cd6b6b-01ea-42c8-97e2-288e04b50b42",
          "schema": "input SetSubgraphNameInput {\n  name: String!\n}"
        },
        "scope": "global"
      },
      "id": "907301f5-1875-4ac8-b721-3a1a2d2730ee",
      "timestamp": "2025-08-13T18:13:26.699Z",
      "hash": "qyY/gp+AyDv9nlQWFXTVv5G5WBI=",
      "index": 11,
      "skip": 0
    },
    {
      "type": "SET_OPERATION_SCHEMA",
      "input": {
        "id": "d7cd6b6b-01ea-42c8-97e2-288e04b50b42",
        "schema": "input SetSubgraphNameInput {\n  name: String!\n}"
      },
      "scope": "global",
      "action": {
        "type": "SET_OPERATION_SCHEMA",
        "input": {
          "id": "d7cd6b6b-01ea-42c8-97e2-288e04b50b42",
          "schema": "input SetSubgraphNameInput {\n  name: String!\n}"
        },
        "scope": "global"
      },
      "id": "461e2040-6de1-4914-bc9c-2c234b9809e2",
      "timestamp": "2025-08-13T18:13:26.699Z",
      "hash": "qyY/gp+AyDv9nlQWFXTVv5G5WBI=",
      "index": 12,
      "skip": 0
    },
    {
      "type": "SET_MODEL_NAME",
      "input": {
        "name": "Subgraph Module"
      },
      "scope": "global",
      "action": {
        "type": "SET_MODEL_NAME",
        "input": {
          "name": "Subgraph Module"
        },
        "scope": "global"
      },
      "id": "dea7774f-a2f6-41e6-9549-fe3fec4808da",
      "timestamp": "2025-08-13T18:30:03.912Z",
      "hash": "IlWKTiJ/uB1n3lSgEpVFjAg89no=",
      "index": 13,
      "skip": 0
    }
  ],
  "local": []
}