{
  "global": [
    {
      "type": "SET_MODEL_ID",
      "input": {
        "id": ""
      },
      "scope": "global",
      "index": 0,
      "timestamp": "2023-12-21T12:43:22.176Z",
      "hash": "Fd20qtObIUDJwJHse6VqFK8ObWY="
    },
    {
      "type": "SET_MODEL_NAME",
      "input": {
        "name": "RwaPortfolio"
      },
      "scope": "global",
      "index": 1,
      "timestamp": "2023-12-21T12:43:27.430Z",
      "hash": "boL6JFtLaj0kFavk4FkjYbMpZfs="
    },
    {
      "type": "SET_STATE_SCHEMA",
      "input": {
        "schema": "type RwaPortfolioState {\n\t\taccounts: [RwaAccount!]!\n\t\tprincipalLender: ID! # RwaAccount.id (That relates to the Maker account)\n\t\tspvs: [RwaSpv!]!\n\t\tfeeTypes: [RwaFeeType!]!\n\t\tfixedIncomeTypes: [RwaFixedIncomeType!]!\n    attachments: [RwaAttachment!]!\n\t\tportfolio: [RwaAsset!]!\n    transactions: [RwaGroupTransaction!]!\n}\n\nunion RwaAsset = RwaFixedIncome | RwaCash\n\ntype RwaFixedIncome {\n\t\tid: ID!\n\t\ttype: ID! # RwaFixedIncomeType.id\n    name: String!\n\t\tISIN: String\n\t\tCUSIP: String\n    spv: ID! # RwaSpv.id\n\n    coupon: Float\n    maturity: DateTime!\n\t\tpurchaseDate: DateTime!      # Weighted average of underlying transactions\n    \n    notional: Float!             # Face value\n    purchaseProceeds: Float!     # Total cash outflow spent on purchases\n    purchasePrice: Float!        # purchaseProceeds / notional\n    totalDiscount: Float!        # notional - purchaseProceeds\n\t\tmarketValue: Float!           \n\n\t\tcurrentValue(when: DateTime): Float     # (Current Date - Purchase Date) / ((Maturity Date - Current Date) * Total Discount + Purchase Proceeds   \n    annualizedYield: Float!      # (Purchase Price / ( Notional - Purchase Price)) x (365 / Days to Maturity ) * 100\n\t\trealizedSurplus: Float!      \n    totalSurplus: Float!\n}\n\ntype RwaCash {\n\t\tid: ID!\n\t\tspv: ID! # RwaSpv.id\n    currency: String!  # Will always be \"USD\" for version 1\n}\n\ntype RwaFixedIncomeType {\n\t\tid: ID!\n\t\tname: String!\n}\n\ntype RwaSpv {\n    id: ID!\n    name: String!\n}\n\ntype RwaBaseTransaction { \n\t\tid: ID!\n\t\tasset: ID! # RwaAsset.id\n\t\tamount: Float!\n\t\tentryTime: DateTime!\n\t\ttradeTime: DateTime\n\t\tsettlementTime: DateTime\n\t\ttxRef: String\n\t\taccount: ID # RwaAccount.id\n\t\tcounterParty: ID, # RwaAccount.id\n\t\t\n}\n\ntype RwaAccount {\n\t\tid: ID!\n\t\treference: String! # e.g. bank account number or ETH address\n\t\tlabel: String\n}\n\ntype RwaGroupTransaction {\n\t\tid: ID!\n\t\ttype: GroupTransactionType!\n\t\tassetTransaction: RwaBaseTransaction\n\t\tcashTransaction: RwaBaseTransaction\n\t\tinterestTransaction: RwaBaseTransaction\n\t\tfeeTransactions: [RwaBaseTransaction]\n\t\tattachments: [ID!] # Refers to RwaAttachment.id\n}\n\nenum GroupTransactionType {\n\t\tPrincipalDraw\n\t\tPrincipalReturn\n\t\tAssetPurchase\n\t\tAssetSale\n\t\tInterestDraw # Payment from Borrower to Arranger (If there is a coupon)\n\t\tInterestReturn # Payment from Arranger to Maker\n\t\tFeesPayment\n}\n\ntype RwaFeeType {\n    id: ID!\n    serviceProvider: String!\n\t\tfeeType: String!\n}\n\ntype RwaTransactionFee {\n    serviceProviderId: ID!\n    amount: Float! \n}\n\ntype RwaAttachment {\n    id: ID!\n    title: String!\n\t\tfileType: String!\n    hash: String! \n}\n\nscalar DateTime",
        "scope": "global"
      },
      "scope": "global",
      "index": 2,
      "timestamp": "2023-12-21T12:43:33.621Z",
      "hash": "udriGDTO0vJBmJR0opl35pO1FsU="
    },
    {
      "type": "SET_INITIAL_STATE",
      "input": {
        "initialValue": "{\"principalLender\":\"id-1\",\"accounts\":[],\"spvs\":[],\"feeTypes\":[],\"fixedIncomeTypes\":[],\"attachments\":[],\"portfolio\":[],\"transactions\":[]}",
        "scope": "global"
      },
      "scope": "global",
      "index": 3,
      "timestamp": "2023-12-21T12:43:41.745Z",
      "hash": "7PesaLBZChXFUXYPYGH7+2slL4M="
    },
    {
      "type": "ADD_MODULE",
      "input": {
        "id": "KmQELoB7HkeJU6HDTTXeILBf5jM=",
        "name": "General"
      },
      "scope": "global",
      "index": 4,
      "timestamp": "2023-12-21T12:44:01.046Z",
      "hash": "2r67IGxzitIkzu2Corw0v8YzpIU="
    },
    {
      "type": "ADD_MODULE",
      "input": {
        "id": "pXckPtAJaSOo8IuI1/n2Y5KFGpc=",
        "name": "Portfolio"
      },
      "scope": "global",
      "index": 5,
      "timestamp": "2023-12-21T12:44:05.221Z",
      "hash": "DjIu8GjAX/AoihJYhYXoo0/jMGg="
    },
    {
      "type": "ADD_MODULE",
      "input": {
        "id": "yohZj+yYNVa9Zy6Rhz9unUzZyc0=",
        "name": "Transactions"
      },
      "scope": "global",
      "index": 6,
      "timestamp": "2023-12-21T12:44:10.747Z",
      "hash": "pYvJsVDpWSA/ZnULztE1nVga2MM="
    },
    {
      "type": "ADD_MODULE",
      "input": {
        "id": "ypUIP7U+EwO/ZCFTYuvZ1Lmwa8Y=",
        "name": "Attachments"
      },
      "scope": "global",
      "index": 7,
      "timestamp": "2023-12-21T12:44:14.323Z",
      "hash": "4PmrxB+bVpAOfHX6SXmTVwmd75s="
    },
    {
      "type": "ADD_OPERATION",
      "input": {
        "id": "Ovr+Tiov4nCTV8VZrJhm/xp91B4=",
        "moduleId": "KmQELoB7HkeJU6HDTTXeILBf5jM=",
        "name": "CREATE_SPV"
      },
      "scope": "global",
      "index": 8,
      "timestamp": "2023-12-21T12:44:26.486Z",
      "hash": "na7FHJZ7FF91S57aySD/OuC/TFE="
    },
    {
      "type": "ADD_OPERATION",
      "input": {
        "id": "JMkmnFyLBrieVrqu6mv6I9xOi9Q=",
        "moduleId": "KmQELoB7HkeJU6HDTTXeILBf5jM=",
        "name": "EDIT_SPV"
      },
      "scope": "global",
      "index": 9,
      "timestamp": "2023-12-21T12:44:29.956Z",
      "hash": "rkxxQABDy1RCUNOui1N1yzbh1jk="
    },
    {
      "type": "ADD_OPERATION",
      "input": {
        "id": "WjicTBv7wb8YhVWyF/ZiM6UAlTM=",
        "moduleId": "KmQELoB7HkeJU6HDTTXeILBf5jM=",
        "name": "DELETE_SPV"
      },
      "scope": "global",
      "index": 10,
      "timestamp": "2023-12-21T12:44:35.864Z",
      "hash": "r7BsgthN23UhQT04xvDXzNDrLS0="
    },
    {
      "type": "ADD_OPERATION",
      "input": {
        "id": "manoHBezz0tKjDjVng9Q2HsItYQ=",
        "moduleId": "KmQELoB7HkeJU6HDTTXeILBf5jM=",
        "name": "ADD_SERVICE_PROVIDER"
      },
      "scope": "global",
      "index": 11,
      "timestamp": "2023-12-21T12:44:45.386Z",
      "hash": "jaRMqmg/DCXTYVPgfYX/JU/DGjs="
    },
    {
      "type": "ADD_OPERATION",
      "input": {
        "id": "Ja1PTB3wKHJjrtvSBtQXW99727M=",
        "moduleId": "KmQELoB7HkeJU6HDTTXeILBf5jM=",
        "name": "EDIT_SERVICE_PROVIDER"
      },
      "scope": "global",
      "index": 12,
      "timestamp": "2023-12-21T12:44:57.974Z",
      "hash": "yBCYcMx05c9lrswfUQ6/aNlQ8mA="
    },
    {
      "type": "ADD_OPERATION",
      "input": {
        "id": "t0voHr7Upk+2WViJ7N4UnF4HGec=",
        "moduleId": "KmQELoB7HkeJU6HDTTXeILBf5jM=",
        "name": "DELETE_SERVICE_PROVIDER"
      },
      "scope": "global",
      "index": 13,
      "timestamp": "2023-12-21T12:45:07.463Z",
      "hash": "WwHLXt6xEYJq1/VKkwEqsLQ8tzE="
    },
    {
      "type": "SET_OPERATION_SCHEMA",
      "input": {
        "id": "Ovr+Tiov4nCTV8VZrJhm/xp91B4=",
        "schema": "input CreateSpvInput {\n\tid: ID!\n  name: String!\n}"
      },
      "scope": "global",
      "index": 14,
      "timestamp": "2023-12-21T12:45:15.465Z",
      "hash": "X1i5yuFEOhNQEPyEYIKtmB9yi14="
    },
    {
      "type": "SET_OPERATION_SCHEMA",
      "input": {
        "id": "JMkmnFyLBrieVrqu6mv6I9xOi9Q=",
        "schema": "input EditSpvInput {\n\tid: ID!\n  name: String!\n}"
      },
      "scope": "global",
      "index": 15,
      "timestamp": "2023-12-21T12:45:23.847Z",
      "hash": "TwC4s7EQ+MGNv3DOEvzRxaRI6zg="
    },
    {
      "type": "SET_OPERATION_SCHEMA",
      "input": {
        "id": "WjicTBv7wb8YhVWyF/ZiM6UAlTM=",
        "schema": "input DeleteSpvInput {\n\tid: ID!\n}"
      },
      "scope": "global",
      "index": 16,
      "timestamp": "2023-12-21T12:45:34.288Z",
      "hash": "MlXaFrJgPB7u0QLBGIb7hTvEl28="
    },
    {
      "type": "SET_OPERATION_SCHEMA",
      "input": {
        "id": "manoHBezz0tKjDjVng9Q2HsItYQ=",
        "schema": "input AddServiceProviderInput {\n\tid: ID!\n\tname: String!\n\tcategory: String!\n}"
      },
      "scope": "global",
      "index": 17,
      "timestamp": "2023-12-21T12:45:42.196Z",
      "hash": "WjO8Ds6Qs5s0eKXLlh0VRraiaJE="
    },
    {
      "type": "SET_OPERATION_SCHEMA",
      "input": {
        "id": "Ja1PTB3wKHJjrtvSBtQXW99727M=",
        "schema": "input EditServiceProviderInput {\n\tid: ID!\n\tname: String!\n\tcategory: String!\n}"
      },
      "scope": "global",
      "index": 18,
      "timestamp": "2023-12-21T12:45:49.558Z",
      "hash": "XTzWFh9eXrOav0H3+3qjaQAk4DY="
    },
    {
      "type": "SET_OPERATION_SCHEMA",
      "input": {
        "id": "t0voHr7Upk+2WViJ7N4UnF4HGec=",
        "schema": "input DeleteServiceProviderInput {\n\tid: ID!\n}"
      },
      "scope": "global",
      "index": 19,
      "timestamp": "2023-12-21T12:45:57.790Z",
      "hash": "wA/u/TVjLxp8SdsMuD1YKpEyH98="
    },
    {
      "type": "ADD_OPERATION",
      "input": {
        "id": "xzhHHyRjg4W/nQRsuwWkvw+Zoro=",
        "moduleId": "pXckPtAJaSOo8IuI1/n2Y5KFGpc=",
        "name": "ADD_RWA_FIXED_INCOME_ASSET"
      },
      "scope": "global",
      "index": 20,
      "timestamp": "2023-12-21T12:46:19.507Z",
      "hash": "+U74drTXw72cX7E9TTjbbM7qVWc="
    },
    {
      "type": "ADD_OPERATION",
      "input": {
        "id": "sgG1RrhYG2tMzuMtaqifSuUzNZg=",
        "moduleId": "pXckPtAJaSOo8IuI1/n2Y5KFGpc=",
        "name": "ADD_RWA_CASH_ASSET"
      },
      "scope": "global",
      "index": 21,
      "timestamp": "2023-12-21T12:46:29.782Z",
      "hash": "2M42F9OiJI69tBOcaFY4/8o+UMA="
    },
    {
      "type": "ADD_OPERATION",
      "input": {
        "id": "CeQ3D2ofIg6LOVTiXSe1XNBvsXA=",
        "moduleId": "pXckPtAJaSOo8IuI1/n2Y5KFGpc=",
        "name": "EDIT_RWA_FIXED_INCOME_ASSET"
      },
      "scope": "global",
      "index": 22,
      "timestamp": "2023-12-21T12:46:43.105Z",
      "hash": "efzGjHg63hL05eZNJUcunXcKZvM="
    },
    {
      "type": "ADD_OPERATION",
      "input": {
        "id": "WlY1O7owq9b9YIlkXvbQeqqPvE8=",
        "moduleId": "pXckPtAJaSOo8IuI1/n2Y5KFGpc=",
        "name": "EDIT_RWA_CASH_ASSET"
      },
      "scope": "global",
      "index": 23,
      "timestamp": "2023-12-21T12:46:50.817Z",
      "hash": "X0nBwR2BXyeLWn/4oFkms2QiV/A="
    },
    {
      "type": "ADD_OPERATION",
      "input": {
        "id": "apgW2IdmND4/xI9KmZXK5c8ivwU=",
        "moduleId": "pXckPtAJaSOo8IuI1/n2Y5KFGpc=",
        "name": "DELETE_RWA_FIXED_INCOME_ASSET"
      },
      "scope": "global",
      "index": 24,
      "timestamp": "2023-12-21T12:47:06.040Z",
      "hash": "rrOy/Xn+dEQNOUfs0AZpduMAXLc="
    },
    {
      "type": "ADD_OPERATION",
      "input": {
        "id": "+MXrFErmPO5u6I49o8QU95JRp6M=",
        "moduleId": "pXckPtAJaSOo8IuI1/n2Y5KFGpc=",
        "name": "DELETE_RWA_CASH_ASSET"
      },
      "scope": "global",
      "index": 25,
      "timestamp": "2023-12-21T12:47:13.707Z",
      "hash": "SiQwtdfiQj6zsZsMJY+cVhd/vgY="
    },
    {
      "type": "SET_OPERATION_SCHEMA",
      "input": {
        "id": "xzhHHyRjg4W/nQRsuwWkvw+Zoro=",
        "schema": "input AddRwaFixedIncomeAssetInput {\n\tid: ID!\n\ttype: ID! # RwaFixedIncomeType.id\n  name: String!\n\tISIN: String\n\tCUSIP: String\n  coupon: Float\n  maturity: DateTime!\n}"
      },
      "scope": "global",
      "index": 26,
      "timestamp": "2023-12-21T12:47:54.393Z",
      "hash": "lMb397YAJaJA3GqKu6vsJ96Mk44="
    },
    {
      "type": "SET_OPERATION_SCHEMA",
      "input": {
        "id": "sgG1RrhYG2tMzuMtaqifSuUzNZg=",
        "schema": "input AddRwaCashAssetInput {\nid: ID!\n\tspv: ID! # RwaSpv.id\n  currency: String! # Will always be \"USD\" for version 1\n}"
      },
      "scope": "global",
      "index": 27,
      "timestamp": "2023-12-21T12:48:05.813Z",
      "hash": "VWa6viizHYRfsk/8YeQCOFdyZFc="
    },
    {
      "type": "SET_OPERATION_SCHEMA",
      "input": {
        "id": "CeQ3D2ofIg6LOVTiXSe1XNBvsXA=",
        "schema": "input EditRwaFixedIncomeAssetInput {\n\tid: ID!\n\ttype: ID! # RwaFixedIncomeType.id\n  name: String!\n\tISIN: String\n\tCUSIP: String\n  coupon: Float\n  maturity: DateTime!\n}"
      },
      "scope": "global",
      "index": 28,
      "timestamp": "2023-12-21T12:48:20.727Z",
      "hash": "rA4uX6hqM0KW6BoB3TEm687aNkk="
    },
    {
      "type": "SET_OPERATION_SCHEMA",
      "input": {
        "id": "WlY1O7owq9b9YIlkXvbQeqqPvE8=",
        "schema": "input EditRwaCashAssetInput {\n\tid: ID!\n\tspv: ID! # RwaSpv.id\n  currency: String! # Will always be \"USD\" for version 1\n\n}"
      },
      "scope": "global",
      "index": 29,
      "timestamp": "2023-12-21T12:48:33.405Z",
      "hash": "7zgq35fYVdOdJ3AkAGINYu+tY8c="
    },
    {
      "type": "SET_OPERATION_SCHEMA",
      "input": {
        "id": "apgW2IdmND4/xI9KmZXK5c8ivwU=",
        "schema": "input DeleteRwaFixedIncomeAssetInput {\nid: ID!\n}"
      },
      "scope": "global",
      "index": 30,
      "timestamp": "2023-12-21T12:48:48.061Z",
      "hash": "EwV4GzhdIGA5kQOFRi9LiR0ve/Q="
    },
    {
      "type": "SET_OPERATION_SCHEMA",
      "input": {
        "id": "+MXrFErmPO5u6I49o8QU95JRp6M=",
        "schema": "input DeleteRwaCashAssetInput {\nid: ID!\n}"
      },
      "scope": "global",
      "index": 31,
      "timestamp": "2023-12-21T12:48:51.630Z",
      "hash": "bvAPEajtms/KlU+1u30L0kGdCzk="
    },
    {
      "type": "ADD_OPERATION",
      "input": {
        "id": "B+iC9wXwJudcFbQBPpafwX2koTo=",
        "moduleId": "yohZj+yYNVa9Zy6Rhz9unUzZyc0=",
        "name": "ADD_BASE_TRANSACTION"
      },
      "scope": "global",
      "index": 32,
      "timestamp": "2023-12-21T12:49:16.052Z",
      "hash": "cIw2VGQXGLmQJY5m0+M4SYDgrIM="
    },
    {
      "type": "SET_OPERATION_SCHEMA",
      "input": {
        "id": "B+iC9wXwJudcFbQBPpafwX2koTo=",
        "schema": "input AddBaseTransactionInput {\n\tid: ID!\n\tasset: ID! # RwaAsset.id\n\tamount: Float!\n\tentryTime: DateTime!\n\ttradeTime: DateTime\n\tsettlementTime: DateTime\n\ttxRef: String\n\taccount: ID # RwaAccount.id\n\tcounterParty: ID, # RwaAccount.id\n\n}"
      },
      "scope": "global",
      "index": 33,
      "timestamp": "2023-12-21T12:49:19.848Z",
      "hash": "DoKsfV34CZSjMh7s+N9Tr8XhN/g="
    },
    {
      "type": "ADD_OPERATION",
      "input": {
        "id": "FAM+5UR8vgLSmLPA8/Sxgk4Wh8U=",
        "moduleId": "yohZj+yYNVa9Zy6Rhz9unUzZyc0=",
        "name": "EDIT_TRANSACTION"
      },
      "scope": "global",
      "index": 34,
      "timestamp": "2023-12-21T12:49:31.638Z",
      "hash": "+eigWQcN4JZPnRc2/fRos26y8A0="
    },
    {
      "type": "SET_OPERATION_SCHEMA",
      "input": {
        "id": "FAM+5UR8vgLSmLPA8/Sxgk4Wh8U=",
        "schema": "input EditTransactionInput {\n  id: ID!\n  asset: ID! # RwaAsset.id\n\tamount: Float!\n\tentryTime: DateTime!\n\ttradeTime: DateTime\n\tsettlementTime: DateTime\n\ttxRef: String\n\taccount: ID # RwaAccount.id\n\tcounterParty: ID # RwaAccount.id\n\n}"
      },
      "scope": "global",
      "index": 35,
      "timestamp": "2023-12-21T12:49:35.283Z",
      "hash": "sRiItGgKSTHkXl16fLLS7LbZJBk="
    },
    {
      "type": "ADD_OPERATION",
      "input": {
        "id": "Ad0FFzsuoBH1frtWdZ1aJPaIIPk=",
        "moduleId": "yohZj+yYNVa9Zy6Rhz9unUzZyc0=",
        "name": "DELETE_TRANSACTION"
      },
      "scope": "global",
      "index": 36,
      "timestamp": "2023-12-21T12:49:45.204Z",
      "hash": "ZSVh6e1Hu8hiS+pMTxW4uD0Tc50="
    },
    {
      "type": "SET_OPERATION_SCHEMA",
      "input": {
        "id": "Ad0FFzsuoBH1frtWdZ1aJPaIIPk=",
        "schema": "input DeleteTransactionInput {\ni\n}"
      },
      "scope": "global",
      "index": 37,
      "timestamp": "2023-12-21T12:49:48.194Z",
      "hash": "3GxF0nCBy/MDL8PIifV0SFsQn9o="
    },
    {
      "type": "SET_OPERATION_SCHEMA",
      "input": {
        "id": "Ad0FFzsuoBH1frtWdZ1aJPaIIPk=",
        "schema": "input DeleteTransactionInput {\nid\n}"
      },
      "scope": "global",
      "index": 38,
      "timestamp": "2023-12-21T12:49:48.231Z",
      "hash": "/Vkt+qv0fLqOQVptAkQ2y3pzwpk="
    },
    {
      "type": "SET_OPERATION_SCHEMA",
      "input": {
        "id": "Ad0FFzsuoBH1frtWdZ1aJPaIIPk=",
        "schema": "input DeleteTransactionInput {\nid:\n}"
      },
      "scope": "global",
      "index": 39,
      "timestamp": "2023-12-21T12:49:48.527Z",
      "hash": "CZYFqkJ4SJVj1v9VclQd6nTwfmQ="
    },
    {
      "type": "SET_OPERATION_SCHEMA",
      "input": {
        "id": "Ad0FFzsuoBH1frtWdZ1aJPaIIPk=",
        "schema": "input DeleteTransactionInput {\nid: \n}"
      },
      "scope": "global",
      "index": 40,
      "timestamp": "2023-12-21T12:49:48.668Z",
      "hash": "XWbh6idHV/b1ULXgAK8LCxqovN0="
    },
    {
      "type": "SET_OPERATION_SCHEMA",
      "input": {
        "id": "Ad0FFzsuoBH1frtWdZ1aJPaIIPk=",
        "schema": "input DeleteTransactionInput {\nid: I\n}"
      },
      "scope": "global",
      "index": 41,
      "timestamp": "2023-12-21T12:49:48.905Z",
      "hash": "p0XXCU8qQ5w/zw8b+PksNbWIjrQ="
    },
    {
      "type": "SET_OPERATION_SCHEMA",
      "input": {
        "id": "Ad0FFzsuoBH1frtWdZ1aJPaIIPk=",
        "schema": "input DeleteTransactionInput {\nid: ID\n}"
      },
      "scope": "global",
      "index": 42,
      "timestamp": "2023-12-21T12:49:49.235Z",
      "hash": "zGoG4YRG/LM0zjZaEbUS60T0w0M="
    },
    {
      "type": "SET_OPERATION_SCHEMA",
      "input": {
        "id": "Ad0FFzsuoBH1frtWdZ1aJPaIIPk=",
        "schema": "input DeleteTransactionInput {\nid: ID!\n}"
      },
      "scope": "global",
      "index": 43,
      "timestamp": "2023-12-21T12:49:49.580Z",
      "hash": "WhNeMdt496POQa59Rcamf54Fh7M="
    },
    {
      "type": "ADD_OPERATION",
      "input": {
        "id": "V+fMze4puCHJArbzpmLFC1pajWk=",
        "moduleId": "ypUIP7U+EwO/ZCFTYuvZ1Lmwa8Y=",
        "name": "CREATE_ATTACHMENT"
      },
      "scope": "global",
      "index": 44,
      "timestamp": "2023-12-21T12:50:15.659Z",
      "hash": "odRNZjAKIyhqOscBK7IUHz9YPB4="
    },
    {
      "type": "SET_OPERATION_SCHEMA",
      "input": {
        "id": "V+fMze4puCHJArbzpmLFC1pajWk=",
        "schema": "input CreateAttachmentInput {\n    id: ID!\n    title: String!\n\t\tfileType: String!\n    hash: String! \n\n}"
      },
      "scope": "global",
      "index": 45,
      "timestamp": "2023-12-21T12:50:22.778Z",
      "hash": "ej8XUSYBWiiB6FRUDb6ZJi9KDSY="
    },
    {
      "type": "ADD_OPERATION",
      "input": {
        "id": "tZnz6RUWtvZuXBj1mso3ko+Nvhc=",
        "moduleId": "ypUIP7U+EwO/ZCFTYuvZ1Lmwa8Y=",
        "name": "EDIT_ATTACHMENT"
      },
      "scope": "global",
      "index": 46,
      "timestamp": "2023-12-21T12:50:28.746Z",
      "hash": "TGarPhOFqNshQ7CmQHwu/ALQYpA="
    },
    {
      "type": "SET_OPERATION_SCHEMA",
      "input": {
        "id": "tZnz6RUWtvZuXBj1mso3ko+Nvhc=",
        "schema": "input EditAttachmentInput {\n\tattachmentID: ID!\n\ttitle: String!\n\tfileType: String!    \n\thash: String! \n\n}"
      },
      "scope": "global",
      "index": 47,
      "timestamp": "2023-12-21T12:50:35.329Z",
      "hash": "TwZ3NfFYq+IO5yBpxE0SmiVIJD0="
    },
    {
      "type": "ADD_OPERATION",
      "input": {
        "id": "3ihwQkCH2bMO8lVCjoxpkJ/ZDuo=",
        "moduleId": "ypUIP7U+EwO/ZCFTYuvZ1Lmwa8Y=",
        "name": "DELETE_ATTACHMENT"
      },
      "scope": "global",
      "index": 48,
      "timestamp": "2023-12-21T12:50:41.898Z",
      "hash": "mrxArwAZxnrFViFg4GW+kwhvCdw="
    },
    {
      "type": "SET_OPERATION_SCHEMA",
      "input": {
        "id": "3ihwQkCH2bMO8lVCjoxpkJ/ZDuo=",
        "schema": "input DeleteAttachmentInput {\ni\n}"
      },
      "scope": "global",
      "index": 49,
      "timestamp": "2023-12-21T12:50:45.236Z",
      "hash": "k2H1tRxEHgXjZfaJduU+nYHLeXk="
    },
    {
      "type": "SET_OPERATION_SCHEMA",
      "input": {
        "id": "3ihwQkCH2bMO8lVCjoxpkJ/ZDuo=",
        "schema": "input DeleteAttachmentInput {\nid\n}"
      },
      "scope": "global",
      "index": 50,
      "timestamp": "2023-12-21T12:50:45.282Z",
      "hash": "EFV0cB7+CIFNm/4Ndr2hxhUhO+k="
    },
    {
      "type": "SET_OPERATION_SCHEMA",
      "input": {
        "id": "3ihwQkCH2bMO8lVCjoxpkJ/ZDuo=",
        "schema": "input DeleteAttachmentInput {\nid:\n}"
      },
      "scope": "global",
      "index": 51,
      "timestamp": "2023-12-21T12:50:45.560Z",
      "hash": "IaS7Hst+6Cx5jpNkcTY/WDUjba0="
    },
    {
      "type": "SET_OPERATION_SCHEMA",
      "input": {
        "id": "3ihwQkCH2bMO8lVCjoxpkJ/ZDuo=",
        "schema": "input DeleteAttachmentInput {\nid: \n}"
      },
      "scope": "global",
      "index": 52,
      "timestamp": "2023-12-21T12:50:45.717Z",
      "hash": "uCR9RxFwo0y0U/AeI5jBylK8h68="
    },
    {
      "type": "SET_OPERATION_SCHEMA",
      "input": {
        "id": "3ihwQkCH2bMO8lVCjoxpkJ/ZDuo=",
        "schema": "input DeleteAttachmentInput {\nid: I\n}"
      },
      "scope": "global",
      "index": 53,
      "timestamp": "2023-12-21T12:50:46.082Z",
      "hash": "HC3yqvXFtXhpSaWKiNLsqwGLoNk="
    },
    {
      "type": "SET_OPERATION_SCHEMA",
      "input": {
        "id": "3ihwQkCH2bMO8lVCjoxpkJ/ZDuo=",
        "schema": "input DeleteAttachmentInput {\nid: ID\n}"
      },
      "scope": "global",
      "index": 54,
      "timestamp": "2023-12-21T12:50:46.440Z",
      "hash": "dEoEm/Aas+Axt5dN0BIS1OnBvq4="
    },
    {
      "type": "SET_OPERATION_SCHEMA",
      "input": {
        "id": "3ihwQkCH2bMO8lVCjoxpkJ/ZDuo=",
        "schema": "input DeleteAttachmentInput {\nid: ID!\n}"
      },
      "scope": "global",
      "index": 55,
      "timestamp": "2023-12-21T12:50:46.717Z",
      "hash": "XlCcWsbFlf1vo/1QQaDBEHcUtf0="
    }
  ],
  "local": []
}