{
  "global": [
    {
      "type": "SET_MODEL_NAME",
      "input": {
        "name": "processor-module"
      },
      "scope": "global",
      "action": {
        "type": "SET_MODEL_NAME",
        "input": {
          "name": "processor-module"
        },
        "scope": "global"
      },
      "id": "cece6ae1-2c06-4a97-938a-5cf3864f511e",
      "timestamp": "2025-08-13T19:47:07.830Z",
      "hash": "cobnyVEoovXF+sACp5NCWZjLQVM=",
      "index": 0,
      "skip": 0
    },
    {
      "type": "SET_STATE_SCHEMA",
      "input": {
        "schema": "type ProcessorModuleState {\n  \"Add your global state fields here\"\n  _placeholder: String\n}",
        "scope": "global"
      },
      "scope": "global",
      "action": {
        "type": "SET_STATE_SCHEMA",
        "input": {
          "schema": "type ProcessorModuleState {\n  \"Add your global state fields here\"\n  _placeholder: String\n}",
          "scope": "global"
        },
        "scope": "global"
      },
      "id": "99f41a3e-6074-40e1-886f-35d7aca3d3bc",
      "timestamp": "2025-08-13T19:47:07.858Z",
      "hash": "Rr4vhSX8knlDYZybEkw+/wMUOts=",
      "index": 1,
      "skip": 0
    },
    {
      "type": "SET_MODEL_NAME",
      "input": {
        "name": "Processor Module"
      },
      "scope": "global",
      "action": {
        "type": "SET_MODEL_NAME",
        "input": {
          "name": "Processor Module"
        },
        "scope": "global"
      },
      "id": "e8c5b9a7-f9c8-48da-8c2c-f1ac0b9e6f3b",
      "timestamp": "2025-08-13T19:47:13.794Z",
      "hash": "VC6/+v8cWN6+i++AmO2KSlAdgrU=",
      "index": 2,
      "skip": 0
    },
    {
      "type": "SET_MODEL_ID",
      "input": {
        "id": "powerhouse/processor"
      },
      "scope": "global",
      "action": {
        "type": "SET_MODEL_ID",
        "input": {
          "id": "powerhouse/processor"
        },
        "scope": "global"
      },
      "id": "f8c81f54-4077-4bd6-a803-2b8b3c8b4f15",
      "timestamp": "2025-08-13T19:47:18.433Z",
      "hash": "vr2zxNlosqdSzXGf2uw67PKZgI4=",
      "index": 3,
      "skip": 0
    },
    {
      "type": "SET_AUTHOR_NAME",
      "input": {
        "authorName": "Powerhouse"
      },
      "scope": "global",
      "action": {
        "type": "SET_AUTHOR_NAME",
        "input": {
          "authorName": "Powerhouse"
        },
        "scope": "global"
      },
      "id": "205b790e-0ebc-4fb4-a574-4e2ea9d1d764",
      "timestamp": "2025-08-13T19:47:56.130Z",
      "hash": "ZTFA/aqQrtxTDj8Wgs0s03Y4bkk=",
      "index": 4,
      "skip": 0
    },
    {
      "type": "SET_AUTHOR_WEBSITE",
      "input": {
        "authorWebsite": "https://powerhouse.inc"
      },
      "scope": "global",
      "action": {
        "type": "SET_AUTHOR_WEBSITE",
        "input": {
          "authorWebsite": "https://powerhouse.inc"
        },
        "scope": "global"
      },
      "id": "452777b9-2d5d-4981-a9c3-1b23a5dd8cd7",
      "timestamp": "2025-08-13T19:48:01.464Z",
      "hash": "IOdS2E+AJms7KX2408T9efqrQh4=",
      "index": 5,
      "skip": 0
    },
    {
      "type": "SET_MODEL_EXTENSION",
      "input": {
        "extension": ".phdm"
      },
      "scope": "global",
      "action": {
        "type": "SET_MODEL_EXTENSION",
        "input": {
          "extension": ".phdm"
        },
        "scope": "global"
      },
      "id": "ae0ea891-2ae3-4ac2-b849-29bf4b89c9f5",
      "timestamp": "2025-08-13T19:48:04.160Z",
      "hash": "B3SZs3EuPMUVA3rVpGLx5HNfU1A=",
      "index": 6,
      "skip": 0
    },
    {
      "type": "SET_STATE_SCHEMA",
      "input": {
        "schema": "type ProcessorModuleState {\n  name: String!\n  type: String!\n\n}\n\ntype DocumentTypeItem {\n  id: OID!\n  documentType: String!\n}",
        "scope": "global"
      },
      "scope": "global",
      "action": {
        "type": "SET_STATE_SCHEMA",
        "input": {
          "schema": "type ProcessorModuleState {\n  name: String!\n  type: String!\n\n}\n\ntype DocumentTypeItem {\n  id: OID!\n  documentType: String!\n}",
          "scope": "global"
        },
        "scope": "global"
      },
      "id": "ad7386ce-45dd-4f8c-9bd0-86234db1bc84",
      "timestamp": "2025-08-13T19:48:21.059Z",
      "hash": "/ljPP8sNtzuVNe1f0fngJbOxtho=",
      "index": 7,
      "skip": 0
    },
    {
      "type": "SET_STATE_SCHEMA",
      "input": {
        "schema": "type ProcessorModuleState {\n  name: String!\n  type: String!\n\n}\n\ntype DocumentTypeItem {\n  id: OID!\n  documentType: String!\n}",
        "scope": "global"
      },
      "scope": "global",
      "action": {
        "type": "SET_STATE_SCHEMA",
        "input": {
          "schema": "type ProcessorModuleState {\n  name: String!\n  type: String!\n\n}\n\ntype DocumentTypeItem {\n  id: OID!\n  documentType: String!\n}",
          "scope": "global"
        },
        "scope": "global"
      },
      "id": "d6586ec7-d3e2-40b7-bce0-883c46cd510b",
      "timestamp": "2025-08-13T19:48:21.059Z",
      "hash": "/ljPP8sNtzuVNe1f0fngJbOxtho=",
      "index": 8,
      "skip": 0
    },
    {
      "type": "SET_STATE_SCHEMA",
      "input": {
        "schema": "type ProcessorModuleState {\n  name: String!\n  type: String!\n  documentTypes: [DocumentTypeItem!]!\n}\n\ntype DocumentTypeItem {\n  id: OID!\n  documentType: String!\n}",
        "scope": "global"
      },
      "scope": "global",
      "action": {
        "type": "SET_STATE_SCHEMA",
        "input": {
          "schema": "type ProcessorModuleState {\n  name: String!\n  type: String!\n  documentTypes: [DocumentTypeItem!]!\n}\n\ntype DocumentTypeItem {\n  id: OID!\n  documentType: String!\n}",
          "scope": "global"
        },
        "scope": "global"
      },
      "id": "121e4414-0be8-4db9-8905-5a6133e2945b",
      "timestamp": "2025-08-13T19:48:27.737Z",
      "hash": "LD5o1Bh3G5BaEUjq8QZDLl8fx6E=",
      "index": 9,
      "skip": 0
    },
    {
      "type": "SET_INITIAL_STATE",
      "input": {
        "initialValue": "{\n  \"name\": \"\",\n  \"type\": \"\",\n  \"documentTypes\": []\n}",
        "scope": "global"
      },
      "scope": "global",
      "action": {
        "type": "SET_INITIAL_STATE",
        "input": {
          "initialValue": "{\n  \"name\": \"\",\n  \"type\": \"\",\n  \"documentTypes\": []\n}",
          "scope": "global"
        },
        "scope": "global"
      },
      "id": "c0cd21c1-5eae-45a4-ae78-ee79d927245d",
      "timestamp": "2025-08-13T19:48:29.052Z",
      "hash": "Oxp51hCyJPSE7vBW9+31lfAuMW0=",
      "index": 10,
      "skip": 0
    },
    {
      "type": "ADD_MODULE",
      "input": {
        "id": "91ad39c1-4e8b-4127-b3c8-e835b85e6360",
        "name": "base_operations"
      },
      "scope": "global",
      "action": {
        "type": "ADD_MODULE",
        "input": {
          "id": "91ad39c1-4e8b-4127-b3c8-e835b85e6360",
          "name": "base_operations"
        },
        "scope": "global"
      },
      "id": "e830ff86-6161-4a49-9742-bb48e58110ca",
      "timestamp": "2025-08-13T19:48:33.860Z",
      "hash": "8uNhsdimgCxUsbis9gctosQy+QI=",
      "index": 11,
      "skip": 0
    },
    {
      "type": "ADD_OPERATION",
      "input": {
        "id": "6f3a5c90-39f2-4302-a073-6195a71c5054",
        "moduleId": "91ad39c1-4e8b-4127-b3c8-e835b85e6360",
        "name": "SET_PROCESSOR_NAME"
      },
      "scope": "global",
      "action": {
        "type": "ADD_OPERATION",
        "input": {
          "id": "6f3a5c90-39f2-4302-a073-6195a71c5054",
          "moduleId": "91ad39c1-4e8b-4127-b3c8-e835b85e6360",
          "name": "SET_PROCESSOR_NAME"
        },
        "scope": "global"
      },
      "id": "8ed56c52-db09-4bc2-ba9b-61ad3fbd5a39",
      "timestamp": "2025-08-13T19:48:42.576Z",
      "hash": "3vYq/zkLkpgYGd+ZCYBzn9oyYJM=",
      "index": 12,
      "skip": 0
    },
    {
      "type": "SET_OPERATION_SCHEMA",
      "input": {
        "id": "6f3a5c90-39f2-4302-a073-6195a71c5054",
        "schema": "input SetProcessorNameInput {\n  \"Add your inputs here\"\n  _placeholder: String\n}"
      },
      "scope": "global",
      "action": {
        "type": "SET_OPERATION_SCHEMA",
        "input": {
          "id": "6f3a5c90-39f2-4302-a073-6195a71c5054",
          "schema": "input SetProcessorNameInput {\n  \"Add your inputs here\"\n  _placeholder: String\n}"
        },
        "scope": "global"
      },
      "id": "788bf6d3-d2fe-4f42-ab67-cbe2e7abee26",
      "timestamp": "2025-08-13T19:48:42.587Z",
      "hash": "4mZuUYQwBE8EFf26IanFQLYZj6M=",
      "index": 13,
      "skip": 0
    },
    {
      "type": "SET_OPERATION_SCHEMA",
      "input": {
        "id": "6f3a5c90-39f2-4302-a073-6195a71c5054",
        "schema": "input SetProcessorNameInput {\n  name: String!\n}"
      },
      "scope": "global",
      "action": {
        "type": "SET_OPERATION_SCHEMA",
        "input": {
          "id": "6f3a5c90-39f2-4302-a073-6195a71c5054",
          "schema": "input SetProcessorNameInput {\n  name: String!\n}"
        },
        "scope": "global"
      },
      "id": "a8f46486-6892-40ee-afed-d87ec17afd1e",
      "timestamp": "2025-08-13T19:48:51.682Z",
      "hash": "HfQFM0iXyKu8WTOc1tyGsiLW+Is=",
      "index": 14,
      "skip": 0
    },
    {
      "type": "SET_OPERATION_SCHEMA",
      "input": {
        "id": "6f3a5c90-39f2-4302-a073-6195a71c5054",
        "schema": "input SetProcessorNameInput {\n  name: String!\n}"
      },
      "scope": "global",
      "action": {
        "type": "SET_OPERATION_SCHEMA",
        "input": {
          "id": "6f3a5c90-39f2-4302-a073-6195a71c5054",
          "schema": "input SetProcessorNameInput {\n  name: String!\n}"
        },
        "scope": "global"
      },
      "id": "5a711ce5-4bac-4006-8e45-087fe2e7f1be",
      "timestamp": "2025-08-13T19:48:51.682Z",
      "hash": "HfQFM0iXyKu8WTOc1tyGsiLW+Is=",
      "index": 15,
      "skip": 0
    },
    {
      "type": "ADD_OPERATION",
      "input": {
        "id": "b8f28bb4-c6ae-40e6-86fa-29ef14ff8667",
        "moduleId": "91ad39c1-4e8b-4127-b3c8-e835b85e6360",
        "name": "SET_PROCESSOR_TYPE"
      },
      "scope": "global",
      "action": {
        "type": "ADD_OPERATION",
        "input": {
          "id": "b8f28bb4-c6ae-40e6-86fa-29ef14ff8667",
          "moduleId": "91ad39c1-4e8b-4127-b3c8-e835b85e6360",
          "name": "SET_PROCESSOR_TYPE"
        },
        "scope": "global"
      },
      "id": "44ae5a32-fee6-4535-b53b-3e468baf9670",
      "timestamp": "2025-08-13T19:49:02.236Z",
      "hash": "w+TFwWUHLD3A6AdLEDQ9KPPSbDk=",
      "index": 16,
      "skip": 0
    },
    {
      "type": "SET_OPERATION_SCHEMA",
      "input": {
        "id": "b8f28bb4-c6ae-40e6-86fa-29ef14ff8667",
        "schema": "input SetProcessorTypeInput {\n  \"Add your inputs here\"\n  _placeholder: String\n}"
      },
      "scope": "global",
      "action": {
        "type": "SET_OPERATION_SCHEMA",
        "input": {
          "id": "b8f28bb4-c6ae-40e6-86fa-29ef14ff8667",
          "schema": "input SetProcessorTypeInput {\n  \"Add your inputs here\"\n  _placeholder: String\n}"
        },
        "scope": "global"
      },
      "id": "9b80d75d-08a3-4568-b894-de46d52e36b5",
      "timestamp": "2025-08-13T19:49:02.248Z",
      "hash": "BN74tuGmZaXI2RStei5+eVF/IBc=",
      "index": 17,
      "skip": 0
    },
    {
      "type": "SET_OPERATION_SCHEMA",
      "input": {
        "id": "b8f28bb4-c6ae-40e6-86fa-29ef14ff8667",
        "schema": "input SetProcessorTypeInput {\n  type: String!\n}"
      },
      "scope": "global",
      "action": {
        "type": "SET_OPERATION_SCHEMA",
        "input": {
          "id": "b8f28bb4-c6ae-40e6-86fa-29ef14ff8667",
          "schema": "input SetProcessorTypeInput {\n  type: String!\n}"
        },
        "scope": "global"
      },
      "id": "6ce51243-01f7-4a60-b847-ac15a404bc26",
      "timestamp": "2025-08-13T19:49:08.173Z",
      "hash": "WvcTGNPq7fEcBpR44bqey9FpOLQ=",
      "index": 18,
      "skip": 0
    },
    {
      "type": "SET_OPERATION_SCHEMA",
      "input": {
        "id": "b8f28bb4-c6ae-40e6-86fa-29ef14ff8667",
        "schema": "input SetProcessorTypeInput {\n  type: String!\n}"
      },
      "scope": "global",
      "action": {
        "type": "SET_OPERATION_SCHEMA",
        "input": {
          "id": "b8f28bb4-c6ae-40e6-86fa-29ef14ff8667",
          "schema": "input SetProcessorTypeInput {\n  type: String!\n}"
        },
        "scope": "global"
      },
      "id": "982beb29-f18e-44fa-8941-af1d9a9acdf1",
      "timestamp": "2025-08-13T19:49:08.174Z",
      "hash": "WvcTGNPq7fEcBpR44bqey9FpOLQ=",
      "index": 19,
      "skip": 0
    },
    {
      "type": "ADD_OPERATION",
      "input": {
        "id": "fbbd7a71-c495-4efc-b8f6-1e57798dbbb4",
        "moduleId": "91ad39c1-4e8b-4127-b3c8-e835b85e6360",
        "name": "ADD_DOCUMENT_TYPE"
      },
      "scope": "global",
      "action": {
        "type": "ADD_OPERATION",
        "input": {
          "id": "fbbd7a71-c495-4efc-b8f6-1e57798dbbb4",
          "moduleId": "91ad39c1-4e8b-4127-b3c8-e835b85e6360",
          "name": "ADD_DOCUMENT_TYPE"
        },
        "scope": "global"
      },
      "id": "d96b9689-32d9-415c-bd35-172edb220fde",
      "timestamp": "2025-08-13T19:49:36.377Z",
      "hash": "nJkQdqIPuq3Ius9S16gJTU3RdZs=",
      "index": 20,
      "skip": 0
    },
    {
      "type": "SET_OPERATION_SCHEMA",
      "input": {
        "id": "fbbd7a71-c495-4efc-b8f6-1e57798dbbb4",
        "schema": "input AddDocumentTypeInput {\n  \"Add your inputs here\"\n  _placeholder: String\n}"
      },
      "scope": "global",
      "action": {
        "type": "SET_OPERATION_SCHEMA",
        "input": {
          "id": "fbbd7a71-c495-4efc-b8f6-1e57798dbbb4",
          "schema": "input AddDocumentTypeInput {\n  \"Add your inputs here\"\n  _placeholder: String\n}"
        },
        "scope": "global"
      },
      "id": "8442e895-e321-45b5-9888-65babc47fb4e",
      "timestamp": "2025-08-13T19:49:36.387Z",
      "hash": "nJ6mKOOQyKgPA98bbDtCTN1bnak=",
      "index": 21,
      "skip": 0
    },
    {
      "type": "SET_OPERATION_SCHEMA",
      "input": {
        "id": "fbbd7a71-c495-4efc-b8f6-1e57798dbbb4",
        "schema": "input AddDocumentTypeInput {\n  id: OID!\n  documentType: String!\n}"
      },
      "scope": "global",
      "action": {
        "type": "SET_OPERATION_SCHEMA",
        "input": {
          "id": "fbbd7a71-c495-4efc-b8f6-1e57798dbbb4",
          "schema": "input AddDocumentTypeInput {\n  id: OID!\n  documentType: String!\n}"
        },
        "scope": "global"
      },
      "id": "3cccc420-d563-4a5c-8b34-044f77844e96",
      "timestamp": "2025-08-13T19:49:47.516Z",
      "hash": "vVy9jIMkoOdyItS1v3Pa/wwwdxU=",
      "index": 22,
      "skip": 0
    },
    {
      "type": "SET_OPERATION_SCHEMA",
      "input": {
        "id": "fbbd7a71-c495-4efc-b8f6-1e57798dbbb4",
        "schema": "input AddDocumentTypeInput {\n  id: OID!\n  documentType: String!\n}"
      },
      "scope": "global",
      "action": {
        "type": "SET_OPERATION_SCHEMA",
        "input": {
          "id": "fbbd7a71-c495-4efc-b8f6-1e57798dbbb4",
          "schema": "input AddDocumentTypeInput {\n  id: OID!\n  documentType: String!\n}"
        },
        "scope": "global"
      },
      "id": "8767021c-89d0-413c-843d-6fa2200cca2e",
      "timestamp": "2025-08-13T19:49:47.517Z",
      "hash": "vVy9jIMkoOdyItS1v3Pa/wwwdxU=",
      "index": 23,
      "skip": 0
    },
    {
      "type": "ADD_OPERATION",
      "input": {
        "id": "544d413f-423c-4d97-9570-84a19bffeab9",
        "moduleId": "91ad39c1-4e8b-4127-b3c8-e835b85e6360",
        "name": "REMOVE_DOCUMENT_TYPE"
      },
      "scope": "global",
      "action": {
        "type": "ADD_OPERATION",
        "input": {
          "id": "544d413f-423c-4d97-9570-84a19bffeab9",
          "moduleId": "91ad39c1-4e8b-4127-b3c8-e835b85e6360",
          "name": "REMOVE_DOCUMENT_TYPE"
        },
        "scope": "global"
      },
      "id": "3fd336c5-9d3b-4643-b45d-2d20fda36035",
      "timestamp": "2025-08-13T19:49:54.623Z",
      "hash": "llwmz6ifbDkC6VT+rCKpdNCdCR4=",
      "index": 24,
      "skip": 0
    },
    {
      "type": "SET_OPERATION_SCHEMA",
      "input": {
        "id": "544d413f-423c-4d97-9570-84a19bffeab9",
        "schema": "input RemoveDocumentTypeInput {\n  \"Add your inputs here\"\n  _placeholder: String\n}"
      },
      "scope": "global",
      "action": {
        "type": "SET_OPERATION_SCHEMA",
        "input": {
          "id": "544d413f-423c-4d97-9570-84a19bffeab9",
          "schema": "input RemoveDocumentTypeInput {\n  \"Add your inputs here\"\n  _placeholder: String\n}"
        },
        "scope": "global"
      },
      "id": "d50cc532-70f7-43d9-8fdf-ffb490d94030",
      "timestamp": "2025-08-13T19:49:54.636Z",
      "hash": "iVsajJB2F5et9kBfJgsHEU4IJmo=",
      "index": 25,
      "skip": 0
    },
    {
      "type": "SET_OPERATION_SCHEMA",
      "input": {
        "id": "544d413f-423c-4d97-9570-84a19bffeab9",
        "schema": "input RemoveDocumentTypeInput {\n  id: OID!\n}"
      },
      "scope": "global",
      "action": {
        "type": "SET_OPERATION_SCHEMA",
        "input": {
          "id": "544d413f-423c-4d97-9570-84a19bffeab9",
          "schema": "input RemoveDocumentTypeInput {\n  id: OID!\n}"
        },
        "scope": "global"
      },
      "id": "c2f90147-a16c-4b15-9344-b297ed1e1817",
      "timestamp": "2025-08-13T19:50:02.188Z",
      "hash": "kmO7C/QjgaOG8RD1jZoTTCAAFpw=",
      "index": 26,
      "skip": 0
    },
    {
      "type": "SET_OPERATION_SCHEMA",
      "input": {
        "id": "544d413f-423c-4d97-9570-84a19bffeab9",
        "schema": "input RemoveDocumentTypeInput {\n  id: OID!\n}"
      },
      "scope": "global",
      "action": {
        "type": "SET_OPERATION_SCHEMA",
        "input": {
          "id": "544d413f-423c-4d97-9570-84a19bffeab9",
          "schema": "input RemoveDocumentTypeInput {\n  id: OID!\n}"
        },
        "scope": "global"
      },
      "id": "e071f1ac-1ea3-4b09-8268-87cd05abd63e",
      "timestamp": "2025-08-13T19:50:02.188Z",
      "hash": "kmO7C/QjgaOG8RD1jZoTTCAAFpw=",
      "index": 27,
      "skip": 0
    }
  ],
  "local": []
}