[
  {
    "type": "SET_MODEL_ID",
    "input": {
      "id": ""
    },
    "index": 0,
    "timestamp": "2023-08-02T16:52:54.820Z",
    "hash": "t+yLyzWlZIZwnFP60EAa4astA7E="
  },
  {
    "type": "SET_MODEL_ID",
    "input": {
      "id": ""
    },
    "index": 1,
    "timestamp": "2023-08-02T16:52:54.821Z",
    "hash": "t+yLyzWlZIZwnFP60EAa4astA7E="
  },
  {
    "type": "SET_MODEL_ID",
    "input": {
      "id": ""
    },
    "index": 2,
    "timestamp": "2023-08-02T16:52:54.821Z",
    "hash": "t+yLyzWlZIZwnFP60EAa4astA7E="
  },
  {
    "type": "SET_MODEL_NAME",
    "input": {
      "name": "Test"
    },
    "index": 3,
    "timestamp": "2023-08-02T16:52:56.967Z",
    "hash": "xQrYHzPL0tRNFf/NT3Gl2quiS/Q="
  },
  {
    "type": "SET_MODEL_ID",
    "input": {
      "id": "powerhouse/test"
    },
    "index": 4,
    "timestamp": "2023-08-02T16:53:01.700Z",
    "hash": "/NNBHeQM8i7ekVALFYSCn2SmjsA="
  },
  {
    "type": "SET_MODEL_EXTENSION",
    "input": {
      "extension": "pht"
    },
    "index": 5,
    "timestamp": "2023-08-02T16:53:02.751Z",
    "hash": "Tu5QbjrZzqzj1TWqGrMfs51tXV8="
  },
  {
    "type": "SET_AUTHOR_NAME",
    "input": {
      "authorName": "P"
    },
    "index": 6,
    "timestamp": "2023-08-02T16:53:03.876Z",
    "hash": "nNdStCDScr3cTPO9fiysyLJaO9M="
  },
  {
    "type": "SET_AUTHOR_WEBSITE",
    "input": {
      "authorWebsite": "P"
    },
    "index": 7,
    "timestamp": "2023-08-02T16:53:04.652Z",
    "hash": "KET+yW5G3Ej9KR02QLEZdEFPZW0="
  },
  {
    "type": "ADD_MODULE",
    "input": {
      "name": "Counter"
    },
    "index": 8,
    "timestamp": "2023-08-02T16:53:08.233Z",
    "hash": "Joe1z5+uiJF9DWtfWSwi6X19FR8="
  },
  {
    "type": "ADD_OPERATION",
    "input": {
      "moduleId": "Xz8ma8gRcG0hDVe80CdSMODR5FU=",
      "name": "INCREMENT"
    },
    "index": 9,
    "timestamp": "2023-08-02T16:53:11.916Z",
    "hash": "ebKTFwJ6FTNknD625Pvhu7GN0d8="
  },
  {
    "type": "ADD_OPERATION",
    "input": {
      "moduleId": "Xz8ma8gRcG0hDVe80CdSMODR5FU=",
      "name": "DECREMENT"
    },
    "index": 10,
    "timestamp": "2023-08-02T16:53:14.439Z",
    "hash": "lJdP3Wm2QVmQVlAhpeu/a5F2rNg="
  }
]