{
  "name": "",
  "documentType": "powerhouse/document-model",
  "revision": 0,
  "created": "2023-08-02T16:52:54.779Z",
  "lastModified": "2023-08-02T16:52:54.779Z",
  "state": {
    "id": "",
    "name": "",
    "extension": "",
    "description": "",
    "author": {
      "name": "",
      "website": ""
    },
    "specifications": [
      {
        "version": 1,
        "changeLog": [],
        "state": {
          "schema": "",
          "initialValue": "",
          "examples": []
        },
        "modules": []
      }
    ]
  },
  "attachments": {}
}