{
  "global": {
    "id": "powerhouse/todo",
    "name": "ToDoDocument",
    "extension": ".phdm",
    "description": "ToDo Document Model",
    "author": {
      "name": "Powerhouse",
      "website": "https://www.powerhouse.inc"
    },
    "specifications": [
      {
        "version": 1,
        "changeLog": [],
        "state": {
          "global": {
            "schema": "type ToDoDocumentState {\n  items: [ToDoItem!]!\n  stats: ToDoListStats!\n}\n\ntype ToDoItem {\n  id: ID!\n  text: String!\n  checked: Boolean!\n}\n\ntype ToDoListStats {\n  total: Int!\n  checked: Int!\n  unchecked: Int!\n}",
            "initialValue": "{\n  \"items\": [],\n  \"stats\": {\n    \"total\": 0,\n    \"checked\": 0,\n    \"unchecked\": 0\n  }\n}",
            "examples": []
          },
          "local": {
            "schema": "",
            "initialValue": "",
            "examples": []
          }
        },
        "modules": [
          {
            "id": "e55288af-2008-4483-8d74-775469e97f81",
            "name": "base_operations",
            "description": "",
            "operations": [
              {
                "id": "e5f8f0ca-05e0-4568-a137-797d64f1dd35",
                "name": "ADD_TODO_ITEM_INPUT",
                "description": "",
                "schema": "input AddTodoItemInputInput {\n  id: ID!\n  text: String!\n}\n",
                "template": "",
                "reducer": "",
                "errors": [],
                "examples": [],
                "scope": "global"
              },
              {
                "id": "d14591d5-757f-4193-9fe1-9aefe2937464",
                "name": "UPDATE_TODO_ITEM_INPUT",
                "description": "",
                "schema": "input UpdateTodoItemInputInput {\n  id: ID!\n  text: String\n  checked: Boolean\n}\n",
                "template": "",
                "reducer": "",
                "errors": [],
                "examples": [],
                "scope": "global"
              },
              {
                "id": "a8cbde18-edc6-4861-a3a9-a9bff02e2769",
                "name": "DELETE_TODO_ITEM_INPUT",
                "description": "",
                "schema": "input DeleteTodoItemInputInput {\n  id: ID!\n}\n",
                "template": "",
                "reducer": "",
                "errors": [],
                "examples": [],
                "scope": "global"
              }
            ]
          }
        ]
      }
    ]
  },
  "local": {}
}