{
  "global": [
    {
      "type": "SET_MODEL_NAME",
      "input": {
        "name": "ToDoDocument"
      },
      "scope": "global",
      "id": "04ca91c1-2f3f-4d4f-9742-a58011386a4d",
      "index": 0,
      "timestamp": "2025-06-13T14:50:56.781Z",
      "hash": "P9WLZOlueGiInIn/EwxsIajeZWQ=",
      "skip": 0
    },
    {
      "type": "SET_STATE_SCHEMA",
      "input": {
        "schema": "type ToDoDocumentState {\n  \"Add your global state fields here\"\n  _placeholder: String\n}",
        "scope": "global"
      },
      "scope": "global",
      "id": "77ba5fbd-270c-45ec-8e3b-1b6e3ce62d18",
      "index": 1,
      "timestamp": "2025-06-13T14:50:56.781Z",
      "hash": "nAzvxl70iZ3pwuF/+mo/GJ0/ops=",
      "skip": 0
    },
    {
      "type": "SET_MODEL_ID",
      "input": {
        "id": "powerhouse/todo"
      },
      "scope": "global",
      "id": "c50e54fb-f3c2-4e24-acb8-50a046c0e8f8",
      "index": 2,
      "timestamp": "2025-06-13T14:50:56.853Z",
      "hash": "PgylcKdKxfAv+dPmIGP1u/e6O+U=",
      "skip": 0
    },
    {
      "type": "SET_AUTHOR_NAME",
      "input": {
        "authorName": "Powerhouse"
      },
      "scope": "global",
      "id": "4b3accd2-1c9b-40f8-ba38-cd27af7297b8",
      "index": 3,
      "timestamp": "2025-06-13T14:50:56.918Z",
      "hash": "mYUaLRVerPJl8msqO0aEIWui/OI=",
      "skip": 0
    },
    {
      "type": "SET_MODEL_DESCRIPTION",
      "input": {
        "description": "ToDo Document Model"
      },
      "scope": "global",
      "id": "49091f3b-2caa-4b99-9816-4cac8808eccc",
      "index": 4,
      "timestamp": "2025-06-13T14:50:56.969Z",
      "hash": "lKNvuR0Pew/ST2q895vrZPEAX7k=",
      "skip": 0
    },
    {
      "type": "SET_AUTHOR_WEBSITE",
      "input": {
        "authorWebsite": "https://www.powerhouse.inc"
      },
      "scope": "global",
      "id": "c00e8fb0-c997-4eee-9ba5-4bb8d81242c2",
      "index": 5,
      "timestamp": "2025-06-13T14:50:57.018Z",
      "hash": "2zKG16iVThsKENow3lDLhLEp1TM=",
      "skip": 0
    },
    {
      "type": "SET_MODEL_EXTENSION",
      "input": {
        "extension": ".phdm"
      },
      "scope": "global",
      "id": "940fd29e-f83c-47cd-ab68-787dc06840aa",
      "index": 6,
      "timestamp": "2025-06-13T14:50:57.069Z",
      "hash": "RFhOw9vup+B6H4olmg8+ng8dyWg=",
      "skip": 0
    },
    {
      "type": "SET_STATE_SCHEMA",
      "input": {
        "schema": "type ToDoDocumentState {\n  items: [ToDoItem!]!\n  stats: ToDoListStats!\n}\n\ntype ToDoItem {\n  id: ID!\n  text: String!\n  checked: Boolean!\n}\n\ntype ToDoListStats {\n  total: Int!\n  checked: Int!\n  unchecked: Int!\n}",
        "scope": "global"
      },
      "scope": "global",
      "id": "b6b6196e-2ff1-4e71-869d-5ade0e3b48e4",
      "index": 7,
      "timestamp": "2025-06-13T14:50:57.179Z",
      "hash": "mimCdV8uMFHksxd3vPr5Ve63kt4=",
      "skip": 0
    },
    {
      "type": "SET_STATE_SCHEMA",
      "input": {
        "schema": "type ToDoDocumentState {\n  items: [ToDoItem!]!\n  stats: ToDoListStats!\n}\n\ntype ToDoItem {\n  id: ID!\n  text: String!\n  checked: Boolean!\n}\n\ntype ToDoListStats {\n  total: Int!\n  checked: Int!\n  unchecked: Int!\n}",
        "scope": "global"
      },
      "scope": "global",
      "id": "d536da9b-9d24-4efb-8a41-ef4aa700684b",
      "index": 8,
      "timestamp": "2025-06-13T14:50:57.180Z",
      "hash": "mimCdV8uMFHksxd3vPr5Ve63kt4=",
      "skip": 0
    },
    {
      "type": "SET_INITIAL_STATE",
      "input": {
        "initialValue": "{\n  \"items\": [],\n  \"stats\": {\n    \"total\": 0,\n    \"checked\": 0,\n    \"unchecked\": 0\n  }\n}",
        "scope": "global"
      },
      "scope": "global",
      "id": "94fedd3d-6d91-4e86-807d-e7356c4a072e",
      "index": 9,
      "timestamp": "2025-06-13T14:50:57.228Z",
      "hash": "cNgDypoLnsmkmtjUgOC9XFhFrjw=",
      "skip": 0
    },
    {
      "type": "SET_INITIAL_STATE",
      "input": {
        "initialValue": "{\n  \"items\": [],\n  \"stats\": {\n    \"total\": 0,\n    \"checked\": 0,\n    \"unchecked\": 0\n  }\n}",
        "scope": "global"
      },
      "scope": "global",
      "id": "e130cccc-e64a-44ca-8e6f-1b0c04c59112",
      "index": 10,
      "timestamp": "2025-06-13T14:50:57.229Z",
      "hash": "cNgDypoLnsmkmtjUgOC9XFhFrjw=",
      "skip": 0
    },
    {
      "type": "ADD_MODULE",
      "input": {
        "id": "e55288af-2008-4483-8d74-775469e97f81",
        "name": "base_operations"
      },
      "scope": "global",
      "id": "b831eecb-f06c-4fd8-b087-e276e0edd10d",
      "index": 11,
      "timestamp": "2025-06-13T14:50:57.737Z",
      "hash": "X4zrwUHo5feC+IomZXRROOqZzhM=",
      "skip": 0
    },
    {
      "type": "ADD_OPERATION",
      "input": {
        "id": "e5f8f0ca-05e0-4568-a137-797d64f1dd35",
        "moduleId": "e55288af-2008-4483-8d74-775469e97f81",
        "name": "ADD_TODO_ITEM_INPUT"
      },
      "scope": "global",
      "id": "8de591ef-7372-45b2-8c5f-de83259615b0",
      "index": 12,
      "timestamp": "2025-06-13T14:50:57.762Z",
      "hash": "2wmWBwUf6NeoLrqqhfXBQOr3DP8=",
      "skip": 0
    },
    {
      "type": "SET_OPERATION_SCHEMA",
      "input": {
        "id": "e5f8f0ca-05e0-4568-a137-797d64f1dd35",
        "schema": "input AddTodoItemInputInput {\n  \"Add your inputs here\"\n  _placeholder: String\n}"
      },
      "scope": "global",
      "id": "047b81e1-3c50-46b1-bafd-ae11fbe1806b",
      "index": 13,
      "timestamp": "2025-06-13T14:50:57.776Z",
      "hash": "amN3efNEQwrifdlr6TGFVqx/RHs=",
      "skip": 0
    },
    {
      "type": "SET_OPERATION_SCHEMA",
      "input": {
        "id": "e5f8f0ca-05e0-4568-a137-797d64f1dd35",
        "schema": "input AddTodoItemInputInput {\n  id: ID!\n  text: String!\n}\n"
      },
      "scope": "global",
      "id": "27878b6c-ba9f-41d1-a444-a6e6bb75d417",
      "index": 14,
      "timestamp": "2025-06-13T14:50:57.896Z",
      "hash": "JPl5sISnogGddGmLFgGTZ+1qO4c=",
      "skip": 0
    },
    {
      "type": "SET_OPERATION_SCHEMA",
      "input": {
        "id": "e5f8f0ca-05e0-4568-a137-797d64f1dd35",
        "schema": "input AddTodoItemInputInput {\n  id: ID!\n  text: String!\n}\n"
      },
      "scope": "global",
      "id": "6fede704-2910-4a7e-9e12-2bd6899d8dee",
      "index": 15,
      "timestamp": "2025-06-13T14:50:57.896Z",
      "hash": "JPl5sISnogGddGmLFgGTZ+1qO4c=",
      "skip": 0
    },
    {
      "type": "ADD_OPERATION",
      "input": {
        "id": "d14591d5-757f-4193-9fe1-9aefe2937464",
        "moduleId": "e55288af-2008-4483-8d74-775469e97f81",
        "name": "UPDATE_TODO_ITEM_INPUT"
      },
      "scope": "global",
      "id": "07f4a503-115c-4ae6-b64c-ee33ea82f106",
      "index": 16,
      "timestamp": "2025-06-13T14:50:58.404Z",
      "hash": "3rbIemD+6jdS/fyka51ZvskfGhQ=",
      "skip": 0
    },
    {
      "type": "SET_OPERATION_SCHEMA",
      "input": {
        "id": "d14591d5-757f-4193-9fe1-9aefe2937464",
        "schema": "input UpdateTodoItemInputInput {\n  \"Add your inputs here\"\n  _placeholder: String\n}"
      },
      "scope": "global",
      "id": "c8617f36-d7c5-4b86-a6b0-9f8c91afaf0b",
      "index": 17,
      "timestamp": "2025-06-13T14:50:58.418Z",
      "hash": "IfpYgBB098M1mWO56V8PS8r3RXM=",
      "skip": 0
    },
    {
      "type": "SET_OPERATION_SCHEMA",
      "input": {
        "id": "d14591d5-757f-4193-9fe1-9aefe2937464",
        "schema": "input UpdateTodoItemInputInput {\n  id: ID!\n  text: String\n  checked: Boolean\n}\n"
      },
      "scope": "global",
      "id": "0b076d7c-0633-4274-9b8d-7e2f002074d5",
      "index": 18,
      "timestamp": "2025-06-13T14:50:58.528Z",
      "hash": "gjz4SPfs/boR8RCYNi07xuoPYt0=",
      "skip": 0
    },
    {
      "type": "SET_OPERATION_SCHEMA",
      "input": {
        "id": "d14591d5-757f-4193-9fe1-9aefe2937464",
        "schema": "input UpdateTodoItemInputInput {\n  id: ID!\n  text: String\n  checked: Boolean\n}\n"
      },
      "scope": "global",
      "id": "7713dc22-1e9c-487a-84e8-b2fc17a5d74f",
      "index": 19,
      "timestamp": "2025-06-13T14:50:58.529Z",
      "hash": "gjz4SPfs/boR8RCYNi07xuoPYt0=",
      "skip": 0
    },
    {
      "type": "ADD_OPERATION",
      "input": {
        "id": "a8cbde18-edc6-4861-a3a9-a9bff02e2769",
        "moduleId": "e55288af-2008-4483-8d74-775469e97f81",
        "name": "DELETE_TODO_ITEM_INPUT"
      },
      "scope": "global",
      "id": "1468f770-e4e3-4b09-ab44-7192ff8f146e",
      "index": 20,
      "timestamp": "2025-06-13T14:50:59.034Z",
      "hash": "SSOtSpeAx+D1wAXCywtZWSh6neE=",
      "skip": 0
    },
    {
      "type": "SET_OPERATION_SCHEMA",
      "input": {
        "id": "a8cbde18-edc6-4861-a3a9-a9bff02e2769",
        "schema": "input DeleteTodoItemInputInput {\n  \"Add your inputs here\"\n  _placeholder: String\n}"
      },
      "scope": "global",
      "id": "779f25e7-d116-4e22-bbf0-aa387a36b11c",
      "index": 21,
      "timestamp": "2025-06-13T14:50:59.061Z",
      "hash": "DPxxJxqpPs3sVKsRbeMdEoVzSjY=",
      "skip": 0
    },
    {
      "type": "SET_OPERATION_SCHEMA",
      "input": {
        "id": "a8cbde18-edc6-4861-a3a9-a9bff02e2769",
        "schema": "input DeleteTodoItemInputInput {\n  id: ID!\n}\n"
      },
      "scope": "global",
      "id": "afa80ef6-4bc8-4390-b3d0-ce0b611676fa",
      "index": 22,
      "timestamp": "2025-06-13T14:50:59.179Z",
      "hash": "yciiCXFBH0FtJExY3SDMYynU9UE=",
      "skip": 0
    },
    {
      "type": "SET_OPERATION_SCHEMA",
      "input": {
        "id": "a8cbde18-edc6-4861-a3a9-a9bff02e2769",
        "schema": "input DeleteTodoItemInputInput {\n  id: ID!\n}\n"
      },
      "scope": "global",
      "id": "2de58d73-4d3a-4eda-92bf-af8f340afb29",
      "index": 23,
      "timestamp": "2025-06-13T14:50:59.179Z",
      "hash": "yciiCXFBH0FtJExY3SDMYynU9UE=",
      "skip": 0
    }
  ],
  "local": []
}