{
  "global": [
    {
      "id": "fa182122-e728-4d35-8eba-8adaceaa56ac",
      "timestamp": "2025-08-14T15:18:53.233Z",
      "type": "SET_MODEL_NAME",
      "input": {
        "name": "app-module"
      },
      "scope": "global",
      "action": {
        "id": "c66803a3-8e7a-46c8-bc4b-b7be373d0f5d",
        "timestamp": "2025-08-14T15:18:53.232Z",
        "type": "SET_MODEL_NAME",
        "input": {
          "name": "app-module"
        },
        "scope": "global"
      },
      "hash": "eVfjZSK9lMc3SzjKl+Q16+BuVp4=",
      "index": 0,
      "skip": 0
    },
    {
      "id": "8a4fc833-9deb-46e7-aa61-f7e6b552fbd7",
      "timestamp": "2025-08-14T15:18:53.267Z",
      "type": "SET_STATE_SCHEMA",
      "input": {
        "schema": "type AppModuleState {\n  \"Add your global state fields here\"\n  _placeholder: String\n}",
        "scope": "global"
      },
      "scope": "global",
      "action": {
        "id": "dd3621ef-b1ca-4e00-85bc-42e2d4f7898c",
        "timestamp": "2025-08-14T15:18:53.234Z",
        "type": "SET_STATE_SCHEMA",
        "input": {
          "schema": "type AppModuleState {\n  \"Add your global state fields here\"\n  _placeholder: String\n}",
          "scope": "global"
        },
        "scope": "global"
      },
      "hash": "rqIR/fT0ENMTnVqjTlZpq2ZfXJk=",
      "index": 1,
      "skip": 0
    },
    {
      "id": "fea1ba3a-cec2-45f4-a753-54bfab811643",
      "timestamp": "2025-08-14T15:18:59.132Z",
      "type": "SET_MODEL_NAME",
      "input": {
        "name": "App Module"
      },
      "scope": "global",
      "action": {
        "id": "1f57b8e6-7f04-45ef-927f-7b9c3c203b89",
        "timestamp": "2025-08-14T15:18:59.132Z",
        "type": "SET_MODEL_NAME",
        "input": {
          "name": "App Module"
        },
        "scope": "global"
      },
      "hash": "BjXqkrEnscECTUZWCDjuCbgiBQY=",
      "index": 2,
      "skip": 0
    },
    {
      "id": "74039c8c-14ff-41fa-a208-2743bd4c403f",
      "timestamp": "2025-08-14T15:19:02.760Z",
      "type": "SET_MODEL_ID",
      "input": {
        "id": "powerhouse/app"
      },
      "scope": "global",
      "action": {
        "id": "db7bda98-ae28-4e02-af5b-3b47d6fbe537",
        "timestamp": "2025-08-14T15:19:02.760Z",
        "type": "SET_MODEL_ID",
        "input": {
          "id": "powerhouse/app"
        },
        "scope": "global"
      },
      "hash": "Y8eX+2dtC7h3zvBpSkqkzm+QweU=",
      "index": 3,
      "skip": 0
    },
    {
      "id": "cc46ccd9-54f2-4ac0-af0f-6dcb7367dfaa",
      "timestamp": "2025-08-14T15:19:06.166Z",
      "type": "SET_AUTHOR_NAME",
      "input": {
        "authorName": "Powerhouse"
      },
      "scope": "global",
      "action": {
        "id": "16f93c77-fe8c-4324-a413-0070e582cbba",
        "timestamp": "2025-08-14T15:19:06.166Z",
        "type": "SET_AUTHOR_NAME",
        "input": {
          "authorName": "Powerhouse"
        },
        "scope": "global"
      },
      "hash": "Oe+jHarUojXRKwbNOWH67nZX7Uk=",
      "index": 4,
      "skip": 0
    },
    {
      "id": "9073d141-5b63-4191-b405-8ca031f41028",
      "timestamp": "2025-08-14T15:19:12.242Z",
      "type": "SET_AUTHOR_WEBSITE",
      "input": {
        "authorWebsite": "https://"
      },
      "scope": "global",
      "action": {
        "id": "4f125152-11ce-4b61-81e9-80a68a91e73c",
        "timestamp": "2025-08-14T15:19:12.241Z",
        "type": "SET_AUTHOR_WEBSITE",
        "input": {
          "authorWebsite": "https://"
        },
        "scope": "global"
      },
      "hash": "vdf6Z3IRs61thSH59A6YTXnc93o=",
      "index": 5,
      "skip": 0
    },
    {
      "id": "3ac3ad86-2797-4f3a-80a2-cfa509127fcd",
      "timestamp": "2025-08-14T15:20:03.268Z",
      "type": "SET_AUTHOR_WEBSITE",
      "input": {
        "authorWebsite": "https://powerhouse.inc"
      },
      "scope": "global",
      "action": {
        "id": "6e5607e3-2dcb-4be5-aeba-35cbcbdc509b",
        "timestamp": "2025-08-14T15:20:03.268Z",
        "type": "SET_AUTHOR_WEBSITE",
        "input": {
          "authorWebsite": "https://powerhouse.inc"
        },
        "scope": "global"
      },
      "hash": "cB4GB4285Kdn6n7c9v6Od1Qf8Mo=",
      "index": 6,
      "skip": 0
    },
    {
      "id": "fd74a6dd-8fcc-4fab-bee4-f5b66c9b0308",
      "timestamp": "2025-08-14T15:20:06.790Z",
      "type": "SET_MODEL_EXTENSION",
      "input": {
        "extension": ".phdm"
      },
      "scope": "global",
      "action": {
        "id": "a8d15a5d-bf60-452a-9340-7f784e7bb5ce",
        "timestamp": "2025-08-14T15:20:06.790Z",
        "type": "SET_MODEL_EXTENSION",
        "input": {
          "extension": ".phdm"
        },
        "scope": "global"
      },
      "hash": "9RLPVrdhFP+o12/UCkv1F0rUllc=",
      "index": 7,
      "skip": 0
    },
    {
      "id": "7d511318-7608-4350-aa0a-18ca18faf39f",
      "timestamp": "2025-08-14T15:20:17.426Z",
      "type": "SET_STATE_SCHEMA",
      "input": {
        "schema": "type AppModuleState {\n  name: String!\n}",
        "scope": "global"
      },
      "scope": "global",
      "action": {
        "id": "8c7e9b34-1a64-423a-867b-bb06ade00c59",
        "timestamp": "2025-08-14T15:20:17.422Z",
        "type": "SET_STATE_SCHEMA",
        "input": {
          "schema": "type AppModuleState {\n  name: String!\n}",
          "scope": "global"
        },
        "scope": "global"
      },
      "hash": "+E1L25yEINZo6daZJXBH5QpaC54=",
      "index": 8,
      "skip": 0
    },
    {
      "id": "7ee67d3b-548c-45bc-98b4-0328182487db",
      "timestamp": "2025-08-14T15:25:14.255Z",
      "type": "SET_STATE_SCHEMA",
      "input": {
        "schema": "type AppModuleState {\n  name: String!\n}\n\nenum",
        "scope": "global"
      },
      "scope": "global",
      "action": {
        "id": "7981c22f-0164-465a-bdd3-e8923ae47be7",
        "timestamp": "2025-08-14T15:25:14.252Z",
        "type": "SET_STATE_SCHEMA",
        "input": {
          "schema": "type AppModuleState {\n  name: String!\n}\n\nenum",
          "scope": "global"
        },
        "scope": "global"
      },
      "hash": "FNoiD1y9F077G/hpYD04XXMe2/Y=",
      "index": 9,
      "skip": 0
    },
    {
      "id": "bea3f659-bc51-4ebd-a8b2-6118c0b308b6",
      "timestamp": "2025-08-14T15:25:20.117Z",
      "type": "SET_STATE_SCHEMA",
      "input": {
        "schema": "type AppModuleState {\n  name: String!\n}\n\nenum Status",
        "scope": "global"
      },
      "scope": "global",
      "action": {
        "id": "e49429c0-ea2e-45dd-bbc0-51f79610aaac",
        "timestamp": "2025-08-14T15:25:20.116Z",
        "type": "SET_STATE_SCHEMA",
        "input": {
          "schema": "type AppModuleState {\n  name: String!\n}\n\nenum Status",
          "scope": "global"
        },
        "scope": "global"
      },
      "hash": "E+q4LtU3m6irMDlftwoRY4QzW9g=",
      "index": 10,
      "skip": 0
    },
    {
      "id": "09c088ce-b141-4225-8bf8-e300c74f204f",
      "timestamp": "2025-08-14T15:25:20.117Z",
      "type": "SET_STATE_SCHEMA",
      "input": {
        "schema": "type AppModuleState {\n  name: String!\n}\n\nenum Status",
        "scope": "global"
      },
      "scope": "global",
      "action": {
        "id": "a696d0c4-746d-4d2f-b994-55cf5f7405a4",
        "timestamp": "2025-08-14T15:25:20.117Z",
        "type": "SET_STATE_SCHEMA",
        "input": {
          "schema": "type AppModuleState {\n  name: String!\n}\n\nenum Status",
          "scope": "global"
        },
        "scope": "global"
      },
      "hash": "E+q4LtU3m6irMDlftwoRY4QzW9g=",
      "index": 11,
      "skip": 0
    },
    {
      "id": "30dad585-57e8-4cfa-ae38-03aea70c9ab0",
      "timestamp": "2025-08-14T15:25:48.118Z",
      "type": "SET_STATE_SCHEMA",
      "input": {
        "schema": "type AppModuleState {\n  name: String!\n}\n\nenum StatusType {\n  DRAFT\n  CONFIRMED\n}",
        "scope": "global"
      },
      "scope": "global",
      "action": {
        "id": "b9d74729-f1f3-468e-b0a1-8fd06ad06f58",
        "timestamp": "2025-08-14T15:25:48.117Z",
        "type": "SET_STATE_SCHEMA",
        "input": {
          "schema": "type AppModuleState {\n  name: String!\n}\n\nenum StatusType {\n  DRAFT\n  CONFIRMED\n}",
          "scope": "global"
        },
        "scope": "global"
      },
      "hash": "Ivahp1yngKuCZn3zR+A+aVSsZRo=",
      "index": 12,
      "skip": 0
    },
    {
      "id": "6f794376-e80f-478e-81b9-be6d3e340d74",
      "timestamp": "2025-08-14T15:25:48.118Z",
      "type": "SET_STATE_SCHEMA",
      "input": {
        "schema": "type AppModuleState {\n  name: String!\n}\n\nenum StatusType {\n  DRAFT\n  CONFIRMED\n}",
        "scope": "global"
      },
      "scope": "global",
      "action": {
        "id": "337c3174-c705-42f4-b26f-affc5705e752",
        "timestamp": "2025-08-14T15:25:48.117Z",
        "type": "SET_STATE_SCHEMA",
        "input": {
          "schema": "type AppModuleState {\n  name: String!\n}\n\nenum StatusType {\n  DRAFT\n  CONFIRMED\n}",
          "scope": "global"
        },
        "scope": "global"
      },
      "hash": "Ivahp1yngKuCZn3zR+A+aVSsZRo=",
      "index": 13,
      "skip": 0
    },
    {
      "id": "d6a6101b-c6ad-46b8-bf0b-f400192d1ee9",
      "timestamp": "2025-08-14T15:26:00.097Z",
      "type": "SET_STATE_SCHEMA",
      "input": {
        "schema": "type AppModuleState {\n  name: String!\n  status: StatusType!\n}\n\nenum StatusType {\n  DRAFT\n  CONFIRMED\n}",
        "scope": "global"
      },
      "scope": "global",
      "action": {
        "id": "623118ff-0c64-48d3-beea-1fb047e7654c",
        "timestamp": "2025-08-14T15:26:00.096Z",
        "type": "SET_STATE_SCHEMA",
        "input": {
          "schema": "type AppModuleState {\n  name: String!\n  status: StatusType!\n}\n\nenum StatusType {\n  DRAFT\n  CONFIRMED\n}",
          "scope": "global"
        },
        "scope": "global"
      },
      "hash": "LyPpzrlbYSA22qnJFiLKD2lk2NE=",
      "index": 14,
      "skip": 0
    },
    {
      "id": "06f5c61c-045e-4bf7-bfe7-644106fe631c",
      "timestamp": "2025-08-14T15:26:00.097Z",
      "type": "SET_STATE_SCHEMA",
      "input": {
        "schema": "type AppModuleState {\n  name: String!\n  status: StatusType!\n}\n\nenum StatusType {\n  DRAFT\n  CONFIRMED\n}",
        "scope": "global"
      },
      "scope": "global",
      "action": {
        "id": "4844a58a-2284-4924-aaff-bdb2972a7305",
        "timestamp": "2025-08-14T15:26:00.096Z",
        "type": "SET_STATE_SCHEMA",
        "input": {
          "schema": "type AppModuleState {\n  name: String!\n  status: StatusType!\n}\n\nenum StatusType {\n  DRAFT\n  CONFIRMED\n}",
          "scope": "global"
        },
        "scope": "global"
      },
      "hash": "LyPpzrlbYSA22qnJFiLKD2lk2NE=",
      "index": 15,
      "skip": 0
    },
    {
      "id": "a2f2f11e-0689-4165-8be9-253d865072aa",
      "timestamp": "2025-08-14T15:26:02.098Z",
      "type": "SET_INITIAL_STATE",
      "input": {
        "initialValue": "{\n  \"name\": \"\"\n}",
        "scope": "global"
      },
      "scope": "global",
      "action": {
        "id": "5f6b7007-3e00-4cbb-82bd-16ac9f662a38",
        "timestamp": "2025-08-14T15:26:02.098Z",
        "type": "SET_INITIAL_STATE",
        "input": {
          "initialValue": "{\n  \"name\": \"\"\n}",
          "scope": "global"
        },
        "scope": "global"
      },
      "hash": "GPJBRir7mEiGPyJZOFeAieTk7Lo=",
      "index": 16,
      "skip": 0
    },
    {
      "id": "220c8f8e-30f7-476b-90b9-2e3d794b97dd",
      "timestamp": "2025-08-14T15:26:15.744Z",
      "type": "SET_INITIAL_STATE",
      "input": {
        "initialValue": "{\n  \"name\": \"\",\n  \"status\": \"DRAFT\"\n}",
        "scope": "global"
      },
      "scope": "global",
      "action": {
        "id": "f0906d5f-cc78-474a-aa50-0d2a8a1285e4",
        "timestamp": "2025-08-14T15:26:15.743Z",
        "type": "SET_INITIAL_STATE",
        "input": {
          "initialValue": "{\n  \"name\": \"\",\n  \"status\": \"DRAFT\"\n}",
          "scope": "global"
        },
        "scope": "global"
      },
      "hash": "eoridFgz3Yv+WJSX1rPH7GliMK4=",
      "index": 17,
      "skip": 0
    },
    {
      "id": "bfbeb8cd-2b1c-43f4-bebd-bef1ed739433",
      "timestamp": "2025-08-14T15:26:15.744Z",
      "type": "SET_INITIAL_STATE",
      "input": {
        "initialValue": "{\n  \"name\": \"\",\n  \"status\": \"DRAFT\"\n}",
        "scope": "global"
      },
      "scope": "global",
      "action": {
        "id": "d1241fbf-6135-4c6c-a921-1548ca1c52a3",
        "timestamp": "2025-08-14T15:26:15.744Z",
        "type": "SET_INITIAL_STATE",
        "input": {
          "initialValue": "{\n  \"name\": \"\",\n  \"status\": \"DRAFT\"\n}",
          "scope": "global"
        },
        "scope": "global"
      },
      "hash": "eoridFgz3Yv+WJSX1rPH7GliMK4=",
      "index": 18,
      "skip": 0
    },
    {
      "id": "a8d96862-59ab-4ca1-8274-46e33e02d6e2",
      "timestamp": "2025-08-14T15:26:32.665Z",
      "type": "ADD_MODULE",
      "input": {
        "id": "ff260195-e3b3-4263-b9ef-41053f156921",
        "name": "base_operations"
      },
      "scope": "global",
      "action": {
        "id": "80a63d78-b49e-4851-9c26-8cc9b3c0bf1f",
        "timestamp": "2025-08-14T15:26:32.664Z",
        "type": "ADD_MODULE",
        "input": {
          "id": "ff260195-e3b3-4263-b9ef-41053f156921",
          "name": "base_operations"
        },
        "scope": "global"
      },
      "hash": "Yzc5bHW/UliBoBQCx6ITNB/5elE=",
      "index": 19,
      "skip": 0
    },
    {
      "id": "67beef4e-0419-4fd1-b285-bbd2540b32c6",
      "timestamp": "2025-08-14T15:26:36.261Z",
      "type": "ADD_OPERATION",
      "input": {
        "id": "3780b02e-f859-4497-a360-110f56f6fba9",
        "moduleId": "ff260195-e3b3-4263-b9ef-41053f156921",
        "name": "SET_APP_NAME"
      },
      "scope": "global",
      "action": {
        "id": "dff685f5-3429-42a2-b125-397a95caec45",
        "timestamp": "2025-08-14T15:26:36.261Z",
        "type": "ADD_OPERATION",
        "input": {
          "id": "3780b02e-f859-4497-a360-110f56f6fba9",
          "moduleId": "ff260195-e3b3-4263-b9ef-41053f156921",
          "name": "SET_APP_NAME"
        },
        "scope": "global"
      },
      "hash": "PL3sP+JEGAzRua0YRH8qcziZtqY=",
      "index": 20,
      "skip": 0
    },
    {
      "id": "ba416474-71fd-4589-8391-b5739d7d786d",
      "timestamp": "2025-08-14T15:26:36.272Z",
      "type": "SET_OPERATION_SCHEMA",
      "input": {
        "id": "3780b02e-f859-4497-a360-110f56f6fba9",
        "schema": "input SetAppNameInput {\n  \"Add your inputs here\"\n  _placeholder: String\n}"
      },
      "scope": "global",
      "action": {
        "id": "1560dbea-0b24-4668-8eab-ebd5f0121b56",
        "timestamp": "2025-08-14T15:26:36.272Z",
        "type": "SET_OPERATION_SCHEMA",
        "input": {
          "id": "3780b02e-f859-4497-a360-110f56f6fba9",
          "schema": "input SetAppNameInput {\n  \"Add your inputs here\"\n  _placeholder: String\n}"
        },
        "scope": "global"
      },
      "hash": "EZZa4OecLXmROS7sckuPo9Zg1KA=",
      "index": 21,
      "skip": 0
    },
    {
      "id": "2c7412d7-ed29-4408-a7a1-b56848697166",
      "timestamp": "2025-08-14T15:26:42.608Z",
      "type": "SET_OPERATION_SCHEMA",
      "input": {
        "id": "3780b02e-f859-4497-a360-110f56f6fba9",
        "schema": "input SetAppNameInput {\n  name: String!\n}"
      },
      "scope": "global",
      "action": {
        "id": "f36ea580-13ca-4440-b45b-9b9df41ac096",
        "timestamp": "2025-08-14T15:26:42.606Z",
        "type": "SET_OPERATION_SCHEMA",
        "input": {
          "id": "3780b02e-f859-4497-a360-110f56f6fba9",
          "schema": "input SetAppNameInput {\n  name: String!\n}"
        },
        "scope": "global"
      },
      "hash": "dCiGLht7pLTtW12WS30v2y89aws=",
      "index": 22,
      "skip": 0
    },
    {
      "id": "f138b71e-6470-4c1b-82fc-5381af1b814a",
      "timestamp": "2025-08-14T15:26:42.608Z",
      "type": "SET_OPERATION_SCHEMA",
      "input": {
        "id": "3780b02e-f859-4497-a360-110f56f6fba9",
        "schema": "input SetAppNameInput {\n  name: String!\n}"
      },
      "scope": "global",
      "action": {
        "id": "5183adc0-4c1a-4e5a-87b2-647c53efd926",
        "timestamp": "2025-08-14T15:26:42.607Z",
        "type": "SET_OPERATION_SCHEMA",
        "input": {
          "id": "3780b02e-f859-4497-a360-110f56f6fba9",
          "schema": "input SetAppNameInput {\n  name: String!\n}"
        },
        "scope": "global"
      },
      "hash": "dCiGLht7pLTtW12WS30v2y89aws=",
      "index": 23,
      "skip": 0
    },
    {
      "id": "437c51c7-107e-42cf-9ff2-d78a813a6f3d",
      "timestamp": "2025-08-14T15:27:04.627Z",
      "type": "ADD_OPERATION",
      "input": {
        "id": "cd1cbfe6-238c-48ae-8eba-50ebb838d231",
        "moduleId": "ff260195-e3b3-4263-b9ef-41053f156921",
        "name": "SET_APP_STATUS"
      },
      "scope": "global",
      "action": {
        "id": "70e52992-9e0d-4574-9bef-26fb84a714c6",
        "timestamp": "2025-08-14T15:27:04.626Z",
        "type": "ADD_OPERATION",
        "input": {
          "id": "cd1cbfe6-238c-48ae-8eba-50ebb838d231",
          "moduleId": "ff260195-e3b3-4263-b9ef-41053f156921",
          "name": "SET_APP_STATUS"
        },
        "scope": "global"
      },
      "hash": "MGpMSdGeQxxx8kOcYHKpjMzjyKc=",
      "index": 24,
      "skip": 0
    },
    {
      "id": "46604468-7162-455e-b13e-329226dc1a14",
      "timestamp": "2025-08-14T15:27:04.637Z",
      "type": "SET_OPERATION_SCHEMA",
      "input": {
        "id": "cd1cbfe6-238c-48ae-8eba-50ebb838d231",
        "schema": "input SetAppStatusInput {\n  \"Add your inputs here\"\n  _placeholder: String\n}"
      },
      "scope": "global",
      "action": {
        "id": "191d5164-0640-47a3-a736-e6532d53ff1c",
        "timestamp": "2025-08-14T15:27:04.635Z",
        "type": "SET_OPERATION_SCHEMA",
        "input": {
          "id": "cd1cbfe6-238c-48ae-8eba-50ebb838d231",
          "schema": "input SetAppStatusInput {\n  \"Add your inputs here\"\n  _placeholder: String\n}"
        },
        "scope": "global"
      },
      "hash": "gqQVR9BcPcjWqeskfs2W0Fujz9k=",
      "index": 25,
      "skip": 0
    },
    {
      "id": "6bc46e8d-2dc9-4ef7-ad6c-8efa1a2cc704",
      "timestamp": "2025-08-14T15:27:14.607Z",
      "type": "SET_OPERATION_SCHEMA",
      "input": {
        "id": "cd1cbfe6-238c-48ae-8eba-50ebb838d231",
        "schema": "input SetAppStatusInput {\n  status: StatusType!\n}"
      },
      "scope": "global",
      "action": {
        "id": "afe47fab-962e-41f6-84c7-3e157d1e8124",
        "timestamp": "2025-08-14T15:27:14.606Z",
        "type": "SET_OPERATION_SCHEMA",
        "input": {
          "id": "cd1cbfe6-238c-48ae-8eba-50ebb838d231",
          "schema": "input SetAppStatusInput {\n  status: StatusType!\n}"
        },
        "scope": "global"
      },
      "hash": "FqkuvMu3lkczedu+Lqpt9SboHcE=",
      "index": 26,
      "skip": 0
    },
    {
      "id": "5fe37725-db7b-4b59-8878-64c7ad738a21",
      "timestamp": "2025-08-14T15:27:14.607Z",
      "type": "SET_OPERATION_SCHEMA",
      "input": {
        "id": "cd1cbfe6-238c-48ae-8eba-50ebb838d231",
        "schema": "input SetAppStatusInput {\n  status: StatusType!\n}"
      },
      "scope": "global",
      "action": {
        "id": "726c6a98-7a27-442c-9ed7-8c089aa7c48b",
        "timestamp": "2025-08-14T15:27:14.606Z",
        "type": "SET_OPERATION_SCHEMA",
        "input": {
          "id": "cd1cbfe6-238c-48ae-8eba-50ebb838d231",
          "schema": "input SetAppStatusInput {\n  status: StatusType!\n}"
        },
        "scope": "global"
      },
      "hash": "FqkuvMu3lkczedu+Lqpt9SboHcE=",
      "index": 27,
      "skip": 0
    }
  ],
  "local": []
}