{
  "global": [
    {
      "type": "SET_MODEL_NAME",
      "input": {
        "name": "vetra-package"
      },
      "scope": "global",
      "id": "cc38d899-8978-4087-97e1-046e9a100335",
      "index": 0,
      "timestamp": "2025-07-28T20:13:47.312Z",
      "hash": "VNl4T3Oe/ZJGEomStiSHgW5Bg9o=",
      "skip": 0
    },
    {
      "type": "SET_STATE_SCHEMA",
      "input": {
        "schema": "type VetraPackageState {\n  \"Add your global state fields here\"\n  _placeholder: String\n}",
        "scope": "global"
      },
      "scope": "global",
      "id": "13d79b83-579b-407f-bf56-9488afa6a5df",
      "index": 1,
      "timestamp": "2025-07-28T20:13:47.331Z",
      "hash": "zxpop8ZNjKKnX8S1gX/V0yuhUjU=",
      "skip": 0
    },
    {
      "type": "SET_MODEL_ID",
      "input": {
        "id": "vetra/package-information"
      },
      "scope": "global",
      "id": "2f6fb4e1-7b84-4455-80b3-4d91f8fba899",
      "index": 2,
      "timestamp": "2025-07-28T20:13:59.429Z",
      "hash": "2oHFziohlcNR4UqQkL0kHxUoZI0=",
      "skip": 0
    },
    {
      "type": "SET_MODEL_DESCRIPTION",
      "input": {
        "description": "This document model defines the schema for PH package information, which is translated into the powerhouse.manifest.json file."
      },
      "scope": "global",
      "id": "cd9652d2-34ef-4bfa-b718-cb9671aca206",
      "index": 3,
      "timestamp": "2025-07-28T20:14:03.612Z",
      "hash": "GOFkO8wWImzsXx9//hZWzxo0Hfs=",
      "skip": 0
    },
    {
      "type": "SET_AUTHOR_NAME",
      "input": {
        "authorName": "Powerhouse"
      },
      "scope": "global",
      "id": "4f4eb001-fe24-4046-8ef7-b6f1e71afd73",
      "index": 4,
      "timestamp": "2025-07-28T20:14:14.720Z",
      "hash": "YWL9FKn19hml5Z9tIztR9jdOGT8=",
      "skip": 0
    },
    {
      "type": "SET_AUTHOR_WEBSITE",
      "input": {
        "authorWebsite": "https://powerhouse.inc"
      },
      "scope": "global",
      "id": "92fa59df-51f5-4f62-b509-b16e4549d0ee",
      "index": 5,
      "timestamp": "2025-07-28T20:14:17.954Z",
      "hash": "kR8Zf3Baiz3VT99C8TIeoLYhT1k=",
      "skip": 0
    },
    {
      "type": "SET_MODEL_EXTENSION",
      "input": {
        "extension": ".phdm"
      },
      "scope": "global",
      "id": "04395cc9-882b-46f2-b049-5c0db56ec3ae",
      "index": 6,
      "timestamp": "2025-07-28T20:14:21.655Z",
      "hash": "QNukVhPwUfZdlveirKO6nmVu040=",
      "skip": 0
    },
    {
      "type": "SET_STATE_SCHEMA",
      "input": {
        "schema": "type VetraPackageState {\n  name: String!\n  description: String\n  category: String!\n  publisher: String\n  publisherUrl: URL\n  keywords: [String!]!\n  githubUrl: URL\n  npmUrl: URL\n}",
        "scope": "global"
      },
      "scope": "global",
      "id": "ef32d28d-9af6-4fca-a78a-81f35ec7e70f",
      "index": 7,
      "timestamp": "2025-07-28T20:14:28.305Z",
      "hash": "OJI8crhaj4oN5Do1zNpewvTzeVo=",
      "skip": 0
    },
    {
      "type": "SET_STATE_SCHEMA",
      "input": {
        "schema": "type VetraPackageState {\n  name: String!\n  description: String\n  category: String!\n  publisher: String\n  publisherUrl: URL\n  keywords: [String!]!\n  githubUrl: URL\n  npmUrl: URL\n}",
        "scope": "global"
      },
      "scope": "global",
      "id": "501960e3-a2d6-4e48-94f2-8360f6627229",
      "index": 8,
      "timestamp": "2025-07-28T20:14:28.306Z",
      "hash": "OJI8crhaj4oN5Do1zNpewvTzeVo=",
      "skip": 0
    },
    {
      "type": "SET_INITIAL_STATE",
      "input": {
        "initialValue": "{\n  \"name\": \"\",\n  \"description\": null,\n  \"category\": \"\",\n  \"publisher\": null,\n  \"publisherUrl\": null,\n  \"keywords\": [],\n  \"githubUrl\": null,\n  \"npmUrl\": null\n}",
        "scope": "global"
      },
      "scope": "global",
      "id": "fe4bfa6a-9eaa-4636-be6b-9d5c774e8ab4",
      "index": 9,
      "timestamp": "2025-07-28T20:14:28.412Z",
      "hash": "YjFF+szeiulpLpfrz+w252UU/1Q=",
      "skip": 0
    },
    {
      "type": "ADD_MODULE",
      "input": {
        "id": "501c9550-6455-47cc-94fe-2e9366c3cbcf",
        "name": "package_operations"
      },
      "scope": "global",
      "id": "f8cbb7db-097e-4d26-87c8-6554d94f8913",
      "index": 10,
      "timestamp": "2025-07-28T20:14:36.129Z",
      "hash": "Hbtj+d5iMnUYt9SO73W/8mTHrvo=",
      "skip": 0
    },
    {
      "type": "ADD_OPERATION",
      "input": {
        "id": "5d36f63e-2d2e-4dba-a882-d8b2b8721f45",
        "moduleId": "501c9550-6455-47cc-94fe-2e9366c3cbcf",
        "name": "SET_PACKAGE_NAME"
      },
      "scope": "global",
      "id": "d5d26b22-aa17-4569-ac74-ac5801db6356",
      "index": 11,
      "timestamp": "2025-07-28T20:14:54.479Z",
      "hash": "EtCfGJwTgPzANv1+39Z90M0dRhI=",
      "skip": 0
    },
    {
      "type": "SET_OPERATION_SCHEMA",
      "input": {
        "id": "5d36f63e-2d2e-4dba-a882-d8b2b8721f45",
        "schema": "input SetPackageNameInput {\n  \"Add your inputs here\"\n  _placeholder: String\n}"
      },
      "scope": "global",
      "id": "6b376e80-4487-4e3c-b73f-b9f1bdaa0ba3",
      "index": 12,
      "timestamp": "2025-07-28T20:14:54.499Z",
      "hash": "PjFtSLf0xmfkB654LRGxQIhVYWM=",
      "skip": 0
    },
    {
      "type": "SET_OPERATION_DESCRIPTION",
      "input": {
        "id": "5d36f63e-2d2e-4dba-a882-d8b2b8721f45",
        "description": "sets the package name"
      },
      "scope": "global",
      "id": "8d443ccc-1896-4e67-97b7-572fda7f745b",
      "index": 13,
      "timestamp": "2025-07-28T20:15:04.412Z",
      "hash": "Up3yYc2WZTs9zzlHqbGC+sQdqVE=",
      "skip": 0
    },
    {
      "type": "SET_OPERATION_SCHEMA",
      "input": {
        "id": "5d36f63e-2d2e-4dba-a882-d8b2b8721f45",
        "schema": "input SetPackageNameInput {\n  name: String!\n}"
      },
      "scope": "global",
      "id": "a2549a9b-832b-40cb-8ade-09a000eccd81",
      "index": 14,
      "timestamp": "2025-07-28T20:15:14.918Z",
      "hash": "C25zbmdrFeDL8Cx9aKWf023nheU=",
      "skip": 0
    },
    {
      "type": "SET_OPERATION_SCHEMA",
      "input": {
        "id": "5d36f63e-2d2e-4dba-a882-d8b2b8721f45",
        "schema": "input SetPackageNameInput {\n  name: String!\n}"
      },
      "scope": "global",
      "id": "e1fc5bdb-fa3b-49e0-b8a4-abb3f7c4e522",
      "index": 15,
      "timestamp": "2025-07-28T20:15:14.919Z",
      "hash": "C25zbmdrFeDL8Cx9aKWf023nheU=",
      "skip": 0
    },
    {
      "type": "ADD_OPERATION",
      "input": {
        "id": "f1666f28-1ebe-4491-b8d7-2b8727129b82",
        "moduleId": "501c9550-6455-47cc-94fe-2e9366c3cbcf",
        "name": "SET_PACKAGE_DESCRIPTION"
      },
      "scope": "global",
      "id": "5d43aa68-26ec-45a1-bc0a-b0324987ec45",
      "index": 16,
      "timestamp": "2025-07-28T20:15:29.775Z",
      "hash": "rPE1ekn+cQvvjipid7l86lsdHiE=",
      "skip": 0
    },
    {
      "type": "SET_OPERATION_SCHEMA",
      "input": {
        "id": "f1666f28-1ebe-4491-b8d7-2b8727129b82",
        "schema": "input SetPackageDescriptionInput {\n  \"Add your inputs here\"\n  _placeholder: String\n}"
      },
      "scope": "global",
      "id": "d7410ff0-96b8-48bf-b60d-179d6ecd8e17",
      "index": 17,
      "timestamp": "2025-07-28T20:15:29.795Z",
      "hash": "RR+ROty9RfA9L0B0q6BxIKF0AY0=",
      "skip": 0
    },
    {
      "type": "SET_OPERATION_DESCRIPTION",
      "input": {
        "id": "f1666f28-1ebe-4491-b8d7-2b8727129b82",
        "description": "sets the package description"
      },
      "scope": "global",
      "id": "a63a06ba-da4a-47d2-ae14-1b985258a4f0",
      "index": 18,
      "timestamp": "2025-07-28T20:15:37.189Z",
      "hash": "f8fCoAqP/Oqd72ttmnY1v5eHqzk=",
      "skip": 0
    },
    {
      "type": "SET_OPERATION_SCHEMA",
      "input": {
        "id": "f1666f28-1ebe-4491-b8d7-2b8727129b82",
        "schema": "input SetPackageDescriptionInput {\n  description: String\n}"
      },
      "scope": "global",
      "id": "df773eb2-650d-4a8d-b165-48bcc9d87fa5",
      "index": 19,
      "timestamp": "2025-07-28T20:15:46.918Z",
      "hash": "/6Fn42T4P2poShWFHBSZNqyzTUk=",
      "skip": 0
    },
    {
      "type": "SET_OPERATION_SCHEMA",
      "input": {
        "id": "f1666f28-1ebe-4491-b8d7-2b8727129b82",
        "schema": "input SetPackageDescriptionInput {\n  description: String\n}"
      },
      "scope": "global",
      "id": "8c76a4dc-1926-4a3c-bc38-41f45fb2e6c1",
      "index": 20,
      "timestamp": "2025-07-28T20:15:46.923Z",
      "hash": "/6Fn42T4P2poShWFHBSZNqyzTUk=",
      "skip": 0
    },
    {
      "type": "ADD_OPERATION",
      "input": {
        "id": "0c235479-cab6-463a-86e6-85e4d9f8074f",
        "moduleId": "501c9550-6455-47cc-94fe-2e9366c3cbcf",
        "name": "SET_PACKAGE_CATEGORY"
      },
      "scope": "global",
      "id": "30c438f6-5053-4ab8-9750-fde8dec798aa",
      "index": 21,
      "timestamp": "2025-07-28T20:15:58.154Z",
      "hash": "ic/iUwpxVe1jn2p/kYDTUz2y1g4=",
      "skip": 0
    },
    {
      "type": "SET_OPERATION_SCHEMA",
      "input": {
        "id": "0c235479-cab6-463a-86e6-85e4d9f8074f",
        "schema": "input SetPackageCategoryInput {\n  \"Add your inputs here\"\n  _placeholder: String\n}"
      },
      "scope": "global",
      "id": "6ec03473-94a7-45d0-9af1-d1d156ebf4f3",
      "index": 22,
      "timestamp": "2025-07-28T20:15:58.172Z",
      "hash": "jn42wZgk4D6c94HTcD0Hrd/VCqM=",
      "skip": 0
    },
    {
      "type": "SET_OPERATION_DESCRIPTION",
      "input": {
        "id": "0c235479-cab6-463a-86e6-85e4d9f8074f",
        "description": "sets the package description"
      },
      "scope": "global",
      "id": "2696b651-7b7e-419a-a7bc-61ecd7c4d749",
      "index": 23,
      "timestamp": "2025-07-28T20:16:07.213Z",
      "hash": "ElIUYF3afEUYS/5eDFgwD3SqsxE=",
      "skip": 0
    },
    {
      "type": "SET_OPERATION_DESCRIPTION",
      "input": {
        "id": "0c235479-cab6-463a-86e6-85e4d9f8074f",
        "description": "sets package category"
      },
      "scope": "global",
      "id": "bd9efa68-211d-4af6-80a8-09af1008b4e1",
      "index": 24,
      "timestamp": "2025-07-28T20:16:13.951Z",
      "hash": "pCiqXXviwWAc1H91QEtk8YgZRXk=",
      "skip": 0
    },
    {
      "type": "SET_OPERATION_SCHEMA",
      "input": {
        "id": "0c235479-cab6-463a-86e6-85e4d9f8074f",
        "schema": "input SetPackageCategoryInput {\n  category: String!\n}"
      },
      "scope": "global",
      "id": "eda5715e-a2ff-48d6-b190-14ed11525148",
      "index": 25,
      "timestamp": "2025-07-28T20:16:21.917Z",
      "hash": "p7wgo+J3/ToyCrhkDAtd0wrN7OE=",
      "skip": 0
    },
    {
      "type": "SET_OPERATION_SCHEMA",
      "input": {
        "id": "0c235479-cab6-463a-86e6-85e4d9f8074f",
        "schema": "input SetPackageCategoryInput {\n  category: String!\n}"
      },
      "scope": "global",
      "id": "61c4ee6c-3ca3-449d-89a5-519134f849a9",
      "index": 26,
      "timestamp": "2025-07-28T20:16:21.918Z",
      "hash": "p7wgo+J3/ToyCrhkDAtd0wrN7OE=",
      "skip": 0
    },
    {
      "type": "ADD_OPERATION",
      "input": {
        "id": "d36fb748-bc44-4bad-8f15-b9f5f9909393",
        "moduleId": "501c9550-6455-47cc-94fe-2e9366c3cbcf",
        "name": "SET_PACKAGE_PUBLISHER"
      },
      "scope": "global",
      "id": "c3f95292-d575-4181-8e5c-82fa61f8645a",
      "index": 27,
      "timestamp": "2025-07-28T20:16:32.545Z",
      "hash": "bd3A8huTINrVfs2+ndnrPzyVyyo=",
      "skip": 0
    },
    {
      "type": "SET_OPERATION_SCHEMA",
      "input": {
        "id": "d36fb748-bc44-4bad-8f15-b9f5f9909393",
        "schema": "input SetPackagePublisherInput {\n  \"Add your inputs here\"\n  _placeholder: String\n}"
      },
      "scope": "global",
      "id": "c6700d62-2628-4f21-a47a-6c4a017a36c9",
      "index": 28,
      "timestamp": "2025-07-28T20:16:32.562Z",
      "hash": "6DEZhRhRjpYNQsXgua1U7wNyxsg=",
      "skip": 0
    },
    {
      "type": "SET_OPERATION_DESCRIPTION",
      "input": {
        "id": "d36fb748-bc44-4bad-8f15-b9f5f9909393",
        "description": "sets package publisher"
      },
      "scope": "global",
      "id": "f408c98b-7d4e-4532-aa93-7a24f7a3ffcc",
      "index": 29,
      "timestamp": "2025-07-28T20:16:43.705Z",
      "hash": "XQyj8MgwxUJELmIUyeBI5rVp7FQ=",
      "skip": 0
    },
    {
      "type": "SET_OPERATION_SCHEMA",
      "input": {
        "id": "d36fb748-bc44-4bad-8f15-b9f5f9909393",
        "schema": "input SetPackagePublisherInput {\n  publisher: String\n}"
      },
      "scope": "global",
      "id": "97036875-5490-4cd4-a912-68ef426b0ad2",
      "index": 30,
      "timestamp": "2025-07-28T20:16:52.935Z",
      "hash": "cy/z5MiMVEGqNlbAXqpkxvpx2bY=",
      "skip": 0
    },
    {
      "type": "SET_OPERATION_SCHEMA",
      "input": {
        "id": "d36fb748-bc44-4bad-8f15-b9f5f9909393",
        "schema": "input SetPackagePublisherInput {\n  publisher: String\n}"
      },
      "scope": "global",
      "id": "f859e16d-365a-4094-b8e4-83d56b7a3440",
      "index": 31,
      "timestamp": "2025-07-28T20:16:52.936Z",
      "hash": "cy/z5MiMVEGqNlbAXqpkxvpx2bY=",
      "skip": 0
    },
    {
      "type": "ADD_OPERATION",
      "input": {
        "id": "355e0e17-94d1-4d30-95c0-de98089dafa0",
        "moduleId": "501c9550-6455-47cc-94fe-2e9366c3cbcf",
        "name": "SET_PACKAGE_PUBLISHER_URL"
      },
      "scope": "global",
      "id": "259142a5-b3b7-490a-a881-6e4083523cf2",
      "index": 32,
      "timestamp": "2025-07-28T20:17:12.825Z",
      "hash": "m458/8yi9suJdapplgiDJQuqaXw=",
      "skip": 0
    },
    {
      "type": "SET_OPERATION_SCHEMA",
      "input": {
        "id": "355e0e17-94d1-4d30-95c0-de98089dafa0",
        "schema": "input SetPackagePublisherUrlInput {\n  \"Add your inputs here\"\n  _placeholder: String\n}"
      },
      "scope": "global",
      "id": "6852aaa6-7134-4a33-a761-ddda79a2f840",
      "index": 33,
      "timestamp": "2025-07-28T20:17:12.840Z",
      "hash": "gxFF7aXzLvN0QsnYm/OAhuCz3c0=",
      "skip": 0
    },
    {
      "type": "SET_OPERATION_DESCRIPTION",
      "input": {
        "id": "355e0e17-94d1-4d30-95c0-de98089dafa0",
        "description": "sets package publisher url"
      },
      "scope": "global",
      "id": "57658f53-ec45-441b-8e1c-b1c917ab4ec8",
      "index": 34,
      "timestamp": "2025-07-28T20:17:19.434Z",
      "hash": "dOhBZaZVt8jv8LaHq2NTXh5FqVs=",
      "skip": 0
    },
    {
      "type": "SET_OPERATION_SCHEMA",
      "input": {
        "id": "355e0e17-94d1-4d30-95c0-de98089dafa0",
        "schema": "input SetPackagePublisherUrlInput {\n  url: URL\n}"
      },
      "scope": "global",
      "id": "df26a73b-b87a-4b49-bc93-9fd1dda32b5b",
      "index": 35,
      "timestamp": "2025-07-28T20:17:28.916Z",
      "hash": "P7jFwPwDjGA4ftQBwLx6ppFWYEU=",
      "skip": 0
    },
    {
      "type": "SET_OPERATION_SCHEMA",
      "input": {
        "id": "355e0e17-94d1-4d30-95c0-de98089dafa0",
        "schema": "input SetPackagePublisherUrlInput {\n  url: URL\n}"
      },
      "scope": "global",
      "id": "f7919b90-b3b4-4ba3-b05b-8dcf7b275574",
      "index": 36,
      "timestamp": "2025-07-28T20:17:28.917Z",
      "hash": "P7jFwPwDjGA4ftQBwLx6ppFWYEU=",
      "skip": 0
    },
    {
      "type": "ADD_OPERATION",
      "input": {
        "id": "977d18f8-d459-4beb-8eba-bf4300ae0e85",
        "moduleId": "501c9550-6455-47cc-94fe-2e9366c3cbcf",
        "name": "SET_PACKAGE_KEYWORDS"
      },
      "scope": "global",
      "id": "cc823d11-09bf-482b-952f-fc7729acbf67",
      "index": 37,
      "timestamp": "2025-07-28T20:17:39.160Z",
      "hash": "0nOlESgL0zeeFZL59kOzNDx5uLo=",
      "skip": 0
    },
    {
      "type": "SET_OPERATION_SCHEMA",
      "input": {
        "id": "977d18f8-d459-4beb-8eba-bf4300ae0e85",
        "schema": "input SetPackageKeywordsInput {\n  \"Add your inputs here\"\n  _placeholder: String\n}"
      },
      "scope": "global",
      "id": "e03f49c7-7c53-494e-84bf-874ed412f234",
      "index": 38,
      "timestamp": "2025-07-28T20:17:39.178Z",
      "hash": "vpAxvgbaQJMsCrPZVrILwe55U5Y=",
      "skip": 0
    },
    {
      "type": "SET_OPERATION_DESCRIPTION",
      "input": {
        "id": "977d18f8-d459-4beb-8eba-bf4300ae0e85",
        "description": "set package keywords"
      },
      "scope": "global",
      "id": "4a295f2b-6f00-4845-8004-456473e29cd8",
      "index": 39,
      "timestamp": "2025-07-28T20:17:47.731Z",
      "hash": "Gad0yctnWXjtNe/8DOGD+6C4jL4=",
      "skip": 0
    },
    {
      "type": "SET_OPERATION_SCHEMA",
      "input": {
        "id": "977d18f8-d459-4beb-8eba-bf4300ae0e85",
        "schema": "input SetPackageKeywordsInput {\n  keywords: [String!]!\n}"
      },
      "scope": "global",
      "id": "3f376941-815d-4ef9-bbc5-61c738cd084b",
      "index": 40,
      "timestamp": "2025-07-28T20:17:56.917Z",
      "hash": "kVxkGFrRmrnzH2EFLqplcOv4c4E=",
      "skip": 0
    },
    {
      "type": "SET_OPERATION_SCHEMA",
      "input": {
        "id": "977d18f8-d459-4beb-8eba-bf4300ae0e85",
        "schema": "input SetPackageKeywordsInput {\n  keywords: [String!]!\n}"
      },
      "scope": "global",
      "id": "4e9a85f0-b61a-4849-be0e-ae0233e8cefc",
      "index": 41,
      "timestamp": "2025-07-28T20:17:56.919Z",
      "hash": "kVxkGFrRmrnzH2EFLqplcOv4c4E=",
      "skip": 0
    },
    {
      "type": "ADD_OPERATION",
      "input": {
        "id": "35548fb6-7867-44f0-bf48-756603b809a8",
        "moduleId": "501c9550-6455-47cc-94fe-2e9366c3cbcf",
        "name": "SET_PACKAGE_GITHUB_URL"
      },
      "scope": "global",
      "id": "e1838c00-9828-4ee2-8771-4137850cd12c",
      "index": 42,
      "timestamp": "2025-07-28T20:18:08.383Z",
      "hash": "biFwr/F2Pgi6F3uPopYeBkIsWsA=",
      "skip": 0
    },
    {
      "type": "SET_OPERATION_SCHEMA",
      "input": {
        "id": "35548fb6-7867-44f0-bf48-756603b809a8",
        "schema": "input SetPackageGithubUrlInput {\n  \"Add your inputs here\"\n  _placeholder: String\n}"
      },
      "scope": "global",
      "id": "e2b5a3af-9ec4-4815-9124-94d6d06f0845",
      "index": 43,
      "timestamp": "2025-07-28T20:18:08.404Z",
      "hash": "SKWigE3qJiqx0WUEg9gldMHZCE4=",
      "skip": 0
    },
    {
      "type": "SET_OPERATION_DESCRIPTION",
      "input": {
        "id": "35548fb6-7867-44f0-bf48-756603b809a8",
        "description": "sets package github url"
      },
      "scope": "global",
      "id": "4be7af9b-d81f-4229-9562-b4b5a0824e02",
      "index": 44,
      "timestamp": "2025-07-28T20:18:15.059Z",
      "hash": "Dz7Et5iClaEu+r/5aTrfnwGbQWY=",
      "skip": 0
    },
    {
      "type": "SET_OPERATION_SCHEMA",
      "input": {
        "id": "35548fb6-7867-44f0-bf48-756603b809a8",
        "schema": "input SetPackageGithubUrlInput {\n  url: URL\n}"
      },
      "scope": "global",
      "id": "8bbe5d5d-9df4-41e2-8479-e56e4c5a37ba",
      "index": 45,
      "timestamp": "2025-07-28T20:18:24.917Z",
      "hash": "NrUcpAy/wKUNXTIAxsKKIeoZ8Xs=",
      "skip": 0
    },
    {
      "type": "SET_OPERATION_SCHEMA",
      "input": {
        "id": "35548fb6-7867-44f0-bf48-756603b809a8",
        "schema": "input SetPackageGithubUrlInput {\n  url: URL\n}"
      },
      "scope": "global",
      "id": "7b6429c9-ee81-411d-b10d-a6c62b8091fd",
      "index": 46,
      "timestamp": "2025-07-28T20:18:24.922Z",
      "hash": "NrUcpAy/wKUNXTIAxsKKIeoZ8Xs=",
      "skip": 0
    },
    {
      "type": "ADD_OPERATION",
      "input": {
        "id": "3e52527b-5bcb-4ef4-9aed-0f61e261cd0e",
        "moduleId": "501c9550-6455-47cc-94fe-2e9366c3cbcf",
        "name": "SET_PACKAGE_NPM_URL"
      },
      "scope": "global",
      "id": "933a78ee-5e23-495e-9103-614468996844",
      "index": 47,
      "timestamp": "2025-07-28T20:18:34.524Z",
      "hash": "K1fmi/EnLS5xA+kkrymyVw6/nGw=",
      "skip": 0
    },
    {
      "type": "SET_OPERATION_SCHEMA",
      "input": {
        "id": "3e52527b-5bcb-4ef4-9aed-0f61e261cd0e",
        "schema": "input SetPackageNpmUrlInput {\n  \"Add your inputs here\"\n  _placeholder: String\n}"
      },
      "scope": "global",
      "id": "0cb05f92-9771-476a-b031-b61a457021cf",
      "index": 48,
      "timestamp": "2025-07-28T20:18:34.543Z",
      "hash": "56x6boX+GKUpBhk4aHMK1AXsgb4=",
      "skip": 0
    },
    {
      "type": "SET_OPERATION_DESCRIPTION",
      "input": {
        "id": "3e52527b-5bcb-4ef4-9aed-0f61e261cd0e",
        "description": "sets package npm url"
      },
      "scope": "global",
      "id": "85a292e2-906f-4a69-9905-303815b92579",
      "index": 49,
      "timestamp": "2025-07-28T20:18:49.453Z",
      "hash": "7uepJL3iPCG06c70kSNtMHxLFKo=",
      "skip": 0
    },
    {
      "type": "SET_OPERATION_SCHEMA",
      "input": {
        "id": "3e52527b-5bcb-4ef4-9aed-0f61e261cd0e",
        "schema": "input SetPackageNpmUrlInput {\n  url: URL\n}"
      },
      "scope": "global",
      "id": "60c50d22-022a-40cc-872f-e6da102ddad7",
      "index": 50,
      "timestamp": "2025-07-28T20:18:58.294Z",
      "hash": "lfoC0rXdi7eDrw7POf/I80ba17k=",
      "skip": 0
    }
  ],
  "local": []
}