{
  "global": [
    {
      "id": "1f7fbb0e-322c-419e-99ed-83f6182d2268",
      "timestampUtcMs": "2025-09-09T16:39:20.067Z",
      "type": "SET_MODEL_NAME",
      "input": {
        "name": "app-module"
      },
      "scope": "global",
      "action": {
        "id": "feb07ba2-a0c1-4cc0-a1b3-454c348b9d53",
        "timestampUtcMs": "2025-09-09T16:39:20.058Z",
        "type": "SET_MODEL_NAME",
        "input": {
          "name": "app-module"
        },
        "scope": "global"
      },
      "hash": "eVfjZSK9lMc3SzjKl+Q16+BuVp4=",
      "index": 0,
      "skip": 0,
      "timestamp": "2025-09-09T16:39:20.067Z"
    },
    {
      "id": "bd30a44c-0a16-4de7-96f1-1efda285e903",
      "timestampUtcMs": "2025-09-09T16:39:20.067Z",
      "type": "SET_STATE_SCHEMA",
      "input": {
        "schema": "type AppModuleState {\n  \"Add your global state fields here\"\n  _placeholder: String\n}",
        "scope": "global"
      },
      "scope": "global",
      "action": {
        "id": "462082c1-78f1-4047-befc-551eac94fa83",
        "timestampUtcMs": "2025-09-09T16:39:20.058Z",
        "type": "SET_STATE_SCHEMA",
        "input": {
          "schema": "type AppModuleState {\n  \"Add your global state fields here\"\n  _placeholder: String\n}",
          "scope": "global"
        },
        "scope": "global"
      },
      "hash": "rqIR/fT0ENMTnVqjTlZpq2ZfXJk=",
      "index": 1,
      "skip": 0,
      "timestamp": "2025-09-09T16:39:20.067Z"
    },
    {
      "id": "4b853676-315d-4341-88e2-dc757e87fa48",
      "timestampUtcMs": "2025-09-09T16:39:37.461Z",
      "type": "SET_MODEL_NAME",
      "input": {
        "name": "App Module"
      },
      "scope": "global",
      "action": {
        "id": "12c2c68c-317e-4007-b8d5-8e9f5e35a5af",
        "timestampUtcMs": "2025-09-09T16:39:37.458Z",
        "type": "SET_MODEL_NAME",
        "input": {
          "name": "App Module"
        },
        "scope": "global"
      },
      "hash": "BjXqkrEnscECTUZWCDjuCbgiBQY=",
      "index": 2,
      "skip": 0,
      "timestamp": "2025-09-09T16:39:37.461Z"
    },
    {
      "id": "9ddb54b9-36c7-483a-b172-77105cb72b87",
      "timestampUtcMs": "2025-09-09T16:39:54.023Z",
      "type": "SET_MODEL_ID",
      "input": {
        "id": "powerhouse/app"
      },
      "scope": "global",
      "action": {
        "id": "e2eb6fc5-2c59-41dc-8dd1-aff0056772f2",
        "timestampUtcMs": "2025-09-09T16:39:54.021Z",
        "type": "SET_MODEL_ID",
        "input": {
          "id": "powerhouse/app"
        },
        "scope": "global"
      },
      "hash": "Y8eX+2dtC7h3zvBpSkqkzm+QweU=",
      "index": 3,
      "skip": 0,
      "timestamp": "2025-09-09T16:39:54.023Z"
    },
    {
      "id": "e5e46148-6b03-4a29-9fe6-23551ce8f560",
      "timestampUtcMs": "2025-09-09T16:40:05.961Z",
      "type": "SET_AUTHOR_NAME",
      "input": {
        "authorName": "Powerhouse"
      },
      "scope": "global",
      "action": {
        "id": "6233b2ca-763b-4762-b644-3b204a72bf4f",
        "timestampUtcMs": "2025-09-09T16:40:05.960Z",
        "type": "SET_AUTHOR_NAME",
        "input": {
          "authorName": "Powerhouse"
        },
        "scope": "global"
      },
      "hash": "Oe+jHarUojXRKwbNOWH67nZX7Uk=",
      "index": 4,
      "skip": 0,
      "timestamp": "2025-09-09T16:40:05.961Z"
    },
    {
      "id": "7f397413-dd6e-4659-9bcb-30c93fdcf20d",
      "timestampUtcMs": "2025-09-09T16:40:11.213Z",
      "type": "SET_AUTHOR_WEBSITE",
      "input": {
        "authorWebsite": "https://powerhouse.inc"
      },
      "scope": "global",
      "action": {
        "id": "6b829465-84f0-43cd-8df1-da27d2e3fcb7",
        "timestampUtcMs": "2025-09-09T16:40:11.212Z",
        "type": "SET_AUTHOR_WEBSITE",
        "input": {
          "authorWebsite": "https://powerhouse.inc"
        },
        "scope": "global"
      },
      "hash": "cB4GB4285Kdn6n7c9v6Od1Qf8Mo=",
      "index": 5,
      "skip": 0,
      "timestamp": "2025-09-09T16:40:11.213Z"
    },
    {
      "id": "96d6c728-3289-4817-8968-ac1fb132bfea",
      "timestampUtcMs": "2025-09-09T16:40:14.693Z",
      "type": "SET_MODEL_EXTENSION",
      "input": {
        "extension": ".phdm"
      },
      "scope": "global",
      "action": {
        "id": "3d3049f0-fb72-46df-a53f-a4616300124e",
        "timestampUtcMs": "2025-09-09T16:40:14.692Z",
        "type": "SET_MODEL_EXTENSION",
        "input": {
          "extension": ".phdm"
        },
        "scope": "global"
      },
      "hash": "9RLPVrdhFP+o12/UCkv1F0rUllc=",
      "index": 6,
      "skip": 0,
      "timestamp": "2025-09-09T16:40:14.693Z"
    },
    {
      "id": "4bef0e4c-d135-4220-ae85-26db36112ca2",
      "timestampUtcMs": "2025-09-09T16:40:27.256Z",
      "type": "SET_STATE_SCHEMA",
      "input": {
        "schema": "type AppModuleState {\n  \"Add your global state fields here\"\n  _placeholder: String\n}\n\nenum StatusType {\n  DRAFT\n  CONFIRMED\n}",
        "scope": "global"
      },
      "scope": "global",
      "action": {
        "id": "35ed082c-3725-4b3f-9e5d-50a41af3d302",
        "timestampUtcMs": "2025-09-09T16:40:27.255Z",
        "type": "SET_STATE_SCHEMA",
        "input": {
          "schema": "type AppModuleState {\n  \"Add your global state fields here\"\n  _placeholder: String\n}\n\nenum StatusType {\n  DRAFT\n  CONFIRMED\n}",
          "scope": "global"
        },
        "scope": "global"
      },
      "hash": "IZnIlJlk9lAsH8NtB7MHcXPb0HY=",
      "index": 7,
      "skip": 0,
      "timestamp": "2025-09-09T16:40:27.256Z"
    },
    {
      "id": "5eb33f75-3a2b-40ea-8c75-40dbd0ac43aa",
      "timestampUtcMs": "2025-09-09T16:40:27.263Z",
      "type": "SET_STATE_SCHEMA",
      "input": {
        "schema": "type AppModuleState {\n  \"Add your global state fields here\"\n  _placeholder: String\n}\n\nenum StatusType {\n  DRAFT\n  CONFIRMED\n}",
        "scope": "global"
      },
      "scope": "global",
      "action": {
        "id": "1860f54f-8261-43af-8e5e-ffab783345f2",
        "timestampUtcMs": "2025-09-09T16:40:27.255Z",
        "type": "SET_STATE_SCHEMA",
        "input": {
          "schema": "type AppModuleState {\n  \"Add your global state fields here\"\n  _placeholder: String\n}\n\nenum StatusType {\n  DRAFT\n  CONFIRMED\n}",
          "scope": "global"
        },
        "scope": "global"
      },
      "hash": "IZnIlJlk9lAsH8NtB7MHcXPb0HY=",
      "index": 8,
      "skip": 0,
      "timestamp": "2025-09-09T16:40:27.263Z"
    },
    {
      "id": "f5fcfb8f-1fc1-446b-87a6-610aef7480bd",
      "timestampUtcMs": "2025-09-09T16:40:35.017Z",
      "type": "SET_STATE_SCHEMA",
      "input": {
        "schema": "type AppModuleState {\n  name: String!\n  status: StatusType!\n}\n\nenum StatusType {\n  DRAFT\n  CONFIRMED\n}",
        "scope": "global"
      },
      "scope": "global",
      "action": {
        "id": "95523cac-f89c-4bbe-a564-cc0d8ee28930",
        "timestampUtcMs": "2025-09-09T16:40:35.016Z",
        "type": "SET_STATE_SCHEMA",
        "input": {
          "schema": "type AppModuleState {\n  name: String!\n  status: StatusType!\n}\n\nenum StatusType {\n  DRAFT\n  CONFIRMED\n}",
          "scope": "global"
        },
        "scope": "global"
      },
      "hash": "LyPpzrlbYSA22qnJFiLKD2lk2NE=",
      "index": 9,
      "skip": 0,
      "timestamp": "2025-09-09T16:40:35.017Z"
    },
    {
      "id": "18b27b63-bbaa-4c6d-9887-1d5c6346fc62",
      "timestampUtcMs": "2025-09-09T16:40:35.020Z",
      "type": "SET_STATE_SCHEMA",
      "input": {
        "schema": "type AppModuleState {\n  name: String!\n  status: StatusType!\n}\n\nenum StatusType {\n  DRAFT\n  CONFIRMED\n}",
        "scope": "global"
      },
      "scope": "global",
      "action": {
        "id": "f3189331-3bea-4bb9-a0e1-d2f547610396",
        "timestampUtcMs": "2025-09-09T16:40:35.016Z",
        "type": "SET_STATE_SCHEMA",
        "input": {
          "schema": "type AppModuleState {\n  name: String!\n  status: StatusType!\n}\n\nenum StatusType {\n  DRAFT\n  CONFIRMED\n}",
          "scope": "global"
        },
        "scope": "global"
      },
      "hash": "LyPpzrlbYSA22qnJFiLKD2lk2NE=",
      "index": 10,
      "skip": 0,
      "timestamp": "2025-09-09T16:40:35.020Z"
    },
    {
      "id": "d162a329-3d3a-4818-a76f-733537db912a",
      "timestampUtcMs": "2025-09-09T16:40:35.770Z",
      "type": "SET_INITIAL_STATE",
      "input": {
        "initialValue": "{\n  \"name\": \"\",\n  \"status\": \"DRAFT\"\n}",
        "scope": "global"
      },
      "scope": "global",
      "action": {
        "id": "8ae42cb2-1f84-45f4-a5d5-0a110d56c970",
        "timestampUtcMs": "2025-09-09T16:40:35.769Z",
        "type": "SET_INITIAL_STATE",
        "input": {
          "initialValue": "{\n  \"name\": \"\",\n  \"status\": \"DRAFT\"\n}",
          "scope": "global"
        },
        "scope": "global"
      },
      "hash": "eoridFgz3Yv+WJSX1rPH7GliMK4=",
      "index": 11,
      "skip": 0,
      "timestamp": "2025-09-09T16:40:35.770Z"
    },
    {
      "id": "1daaf600-93d0-49fb-ad57-8a002c1a401b",
      "timestampUtcMs": "2025-09-09T16:41:06.838Z",
      "type": "ADD_MODULE",
      "input": {
        "id": "d274599a-ceb5-4f2b-8651-b25787306734",
        "name": "base_operations"
      },
      "scope": "global",
      "action": {
        "id": "959aa660-e907-447b-9558-040506983441",
        "timestampUtcMs": "2025-09-09T16:41:06.830Z",
        "type": "ADD_MODULE",
        "input": {
          "id": "d274599a-ceb5-4f2b-8651-b25787306734",
          "name": "base_operations"
        },
        "scope": "global"
      },
      "hash": "+2Jrb0ZiT7xXiySCEKxA3bmJvMg=",
      "index": 12,
      "skip": 0,
      "timestamp": "2025-09-09T16:41:06.838Z"
    },
    {
      "id": "0343eaaf-4939-496d-9532-156acf7d7cc4",
      "timestampUtcMs": "2025-09-09T16:41:24.074Z",
      "type": "ADD_MODULE",
      "input": {
        "id": "badbf19b-b9a8-463e-b0ab-33eb941a36ab",
        "name": "set_app_name"
      },
      "scope": "global",
      "action": {
        "id": "4002b185-be86-416a-aa1f-09ac2d299e34",
        "timestampUtcMs": "2025-09-09T16:41:24.067Z",
        "type": "ADD_MODULE",
        "input": {
          "id": "badbf19b-b9a8-463e-b0ab-33eb941a36ab",
          "name": "set_app_name"
        },
        "scope": "global"
      },
      "hash": "kgwcNiCC7MjChiC6PuD3kQPmGS0=",
      "index": 13,
      "skip": 0,
      "timestamp": "2025-09-09T16:41:24.074Z"
    },
    {
      "id": "42854631-d549-4a6e-87ed-17ff8de506ab",
      "timestampUtcMs": "2025-09-09T16:41:28.458Z",
      "type": "DELETE_MODULE",
      "input": {
        "id": "badbf19b-b9a8-463e-b0ab-33eb941a36ab"
      },
      "scope": "global",
      "action": {
        "id": "d4fc5fb4-3134-4015-8786-f93b5f3749a0",
        "timestampUtcMs": "2025-09-09T16:41:28.456Z",
        "type": "DELETE_MODULE",
        "input": {
          "id": "badbf19b-b9a8-463e-b0ab-33eb941a36ab"
        },
        "scope": "global"
      },
      "hash": "+2Jrb0ZiT7xXiySCEKxA3bmJvMg=",
      "index": 14,
      "skip": 0,
      "timestamp": "2025-09-09T16:41:28.458Z"
    },
    {
      "id": "ff278436-1779-4177-ab26-2d8d55345df5",
      "timestampUtcMs": "2025-09-09T16:41:33.145Z",
      "type": "ADD_OPERATION",
      "input": {
        "id": "f2ba2ddc-8527-4162-93bd-e045e9932013",
        "moduleId": "d274599a-ceb5-4f2b-8651-b25787306734",
        "name": "SET_APP_NAME"
      },
      "scope": "global",
      "action": {
        "id": "0e9c3323-d7a8-4d05-b677-04e6f95841a3",
        "timestampUtcMs": "2025-09-09T16:41:33.141Z",
        "type": "ADD_OPERATION",
        "input": {
          "id": "f2ba2ddc-8527-4162-93bd-e045e9932013",
          "moduleId": "d274599a-ceb5-4f2b-8651-b25787306734",
          "name": "SET_APP_NAME"
        },
        "scope": "global"
      },
      "hash": "/ruIjYe8PEe8AzdM2xviMyfaKTw=",
      "index": 15,
      "skip": 0,
      "timestamp": "2025-09-09T16:41:33.145Z"
    },
    {
      "id": "bfb31415-63c3-4530-a828-2ee6d5b63c7d",
      "timestampUtcMs": "2025-09-09T16:41:33.152Z",
      "type": "SET_OPERATION_SCHEMA",
      "input": {
        "id": "f2ba2ddc-8527-4162-93bd-e045e9932013",
        "schema": "input SetAppNameInput {\n  \"Add your inputs here\"\n  _placeholder: String\n}"
      },
      "scope": "global",
      "action": {
        "id": "18b0e871-d68c-4e97-8741-73c96f6339c0",
        "timestampUtcMs": "2025-09-09T16:41:33.144Z",
        "type": "SET_OPERATION_SCHEMA",
        "input": {
          "id": "f2ba2ddc-8527-4162-93bd-e045e9932013",
          "schema": "input SetAppNameInput {\n  \"Add your inputs here\"\n  _placeholder: String\n}"
        },
        "scope": "global"
      },
      "hash": "eeVJ+qXkinf3tmYnrRx+liipUDA=",
      "index": 16,
      "skip": 0,
      "timestamp": "2025-09-09T16:41:33.152Z"
    },
    {
      "id": "d7f5ec01-33e8-4a74-abaa-4a072aa2738e",
      "timestampUtcMs": "2025-09-09T16:41:44.858Z",
      "type": "SET_OPERATION_SCHEMA",
      "input": {
        "id": "f2ba2ddc-8527-4162-93bd-e045e9932013",
        "schema": "input SetAppNameInput {\n  name: String!\n}"
      },
      "scope": "global",
      "action": {
        "id": "82f03dea-1db3-4012-babf-5f70e5e74fe5",
        "timestampUtcMs": "2025-09-09T16:41:44.857Z",
        "type": "SET_OPERATION_SCHEMA",
        "input": {
          "id": "f2ba2ddc-8527-4162-93bd-e045e9932013",
          "schema": "input SetAppNameInput {\n  name: String!\n}"
        },
        "scope": "global"
      },
      "hash": "x9mxWxZcLaXsY+Y5forkKtbqvIE=",
      "index": 17,
      "skip": 0,
      "timestamp": "2025-09-09T16:41:44.858Z"
    },
    {
      "id": "d574a03b-b9ff-4b90-bb6d-9826b8b9fee2",
      "timestampUtcMs": "2025-09-09T16:41:44.863Z",
      "type": "SET_OPERATION_SCHEMA",
      "input": {
        "id": "f2ba2ddc-8527-4162-93bd-e045e9932013",
        "schema": "input SetAppNameInput {\n  name: String!\n}"
      },
      "scope": "global",
      "action": {
        "id": "430d53bb-102b-43f4-9010-6991c5f866d5",
        "timestampUtcMs": "2025-09-09T16:41:44.857Z",
        "type": "SET_OPERATION_SCHEMA",
        "input": {
          "id": "f2ba2ddc-8527-4162-93bd-e045e9932013",
          "schema": "input SetAppNameInput {\n  name: String!\n}"
        },
        "scope": "global"
      },
      "hash": "x9mxWxZcLaXsY+Y5forkKtbqvIE=",
      "index": 18,
      "skip": 0,
      "timestamp": "2025-09-09T16:41:44.863Z"
    },
    {
      "id": "ce935496-8574-411d-a90a-157d145ac22b",
      "timestampUtcMs": "2025-09-09T16:41:50.709Z",
      "type": "ADD_OPERATION",
      "input": {
        "id": "c842efa4-154c-4fd9-9d12-42bec51af4e9",
        "moduleId": "d274599a-ceb5-4f2b-8651-b25787306734",
        "name": "SET_APP_STATUS"
      },
      "scope": "global",
      "action": {
        "id": "34f9a27e-291f-4953-9310-65beb0c918a1",
        "timestampUtcMs": "2025-09-09T16:41:50.704Z",
        "type": "ADD_OPERATION",
        "input": {
          "id": "c842efa4-154c-4fd9-9d12-42bec51af4e9",
          "moduleId": "d274599a-ceb5-4f2b-8651-b25787306734",
          "name": "SET_APP_STATUS"
        },
        "scope": "global"
      },
      "hash": "XtvFFS1CCVjh66YS8qCopvdpHvY=",
      "index": 19,
      "skip": 0,
      "timestamp": "2025-09-09T16:41:50.709Z"
    },
    {
      "id": "ebcdea05-102a-46fe-9538-8a172eda733e",
      "timestampUtcMs": "2025-09-09T16:41:50.717Z",
      "type": "SET_OPERATION_SCHEMA",
      "input": {
        "id": "c842efa4-154c-4fd9-9d12-42bec51af4e9",
        "schema": "input SetAppStatusInput {\n  \"Add your inputs here\"\n  _placeholder: String\n}"
      },
      "scope": "global",
      "action": {
        "id": "b860fb47-ee23-4043-b160-519688ae9410",
        "timestampUtcMs": "2025-09-09T16:41:50.707Z",
        "type": "SET_OPERATION_SCHEMA",
        "input": {
          "id": "c842efa4-154c-4fd9-9d12-42bec51af4e9",
          "schema": "input SetAppStatusInput {\n  \"Add your inputs here\"\n  _placeholder: String\n}"
        },
        "scope": "global"
      },
      "hash": "9HAVZRzg4hLZxf8PTleDJrZ8VRY=",
      "index": 20,
      "skip": 0,
      "timestamp": "2025-09-09T16:41:50.717Z"
    },
    {
      "id": "4fde4bf9-0853-42c3-8525-3f1e430e1630",
      "timestampUtcMs": "2025-09-09T16:41:58.410Z",
      "type": "SET_OPERATION_SCHEMA",
      "input": {
        "id": "c842efa4-154c-4fd9-9d12-42bec51af4e9",
        "schema": "input SetAppStatusInput {\n  status: StatusType!\n}"
      },
      "scope": "global",
      "action": {
        "id": "46545748-4a82-47c7-8afc-4a30f1c09306",
        "timestampUtcMs": "2025-09-09T16:41:58.409Z",
        "type": "SET_OPERATION_SCHEMA",
        "input": {
          "id": "c842efa4-154c-4fd9-9d12-42bec51af4e9",
          "schema": "input SetAppStatusInput {\n  status: StatusType!\n}"
        },
        "scope": "global"
      },
      "hash": "1D0x+7O9gpbMXU4ehEbk2wXQjlQ=",
      "index": 21,
      "skip": 0,
      "timestamp": "2025-09-09T16:41:58.410Z"
    },
    {
      "id": "ac511623-0c74-4c62-b9fc-49a337d5befb",
      "timestampUtcMs": "2025-09-09T16:41:58.413Z",
      "type": "SET_OPERATION_SCHEMA",
      "input": {
        "id": "c842efa4-154c-4fd9-9d12-42bec51af4e9",
        "schema": "input SetAppStatusInput {\n  status: StatusType!\n}"
      },
      "scope": "global",
      "action": {
        "id": "c649d940-b1db-4bed-9b2f-2ac137dfcf48",
        "timestampUtcMs": "2025-09-09T16:41:58.409Z",
        "type": "SET_OPERATION_SCHEMA",
        "input": {
          "id": "c842efa4-154c-4fd9-9d12-42bec51af4e9",
          "schema": "input SetAppStatusInput {\n  status: StatusType!\n}"
        },
        "scope": "global"
      },
      "hash": "1D0x+7O9gpbMXU4ehEbk2wXQjlQ=",
      "index": 22,
      "skip": 0,
      "timestamp": "2025-09-09T16:41:58.413Z"
    },
    {
      "id": "ad485a0f-8e0e-4179-a12d-656087313072",
      "timestampUtcMs": "2025-09-09T16:43:09.351Z",
      "type": "SET_STATE_SCHEMA",
      "input": {
        "schema": "type AppModuleState {\n  name: String!\n  status: StatusType!\n  documentDragAndDrop:\n}\n\nenum StatusType {\n  DRAFT\n  CONFIRMED\n}",
        "scope": "global"
      },
      "scope": "global",
      "action": {
        "id": "91e1efc9-222d-43d7-918d-1aa730760daa",
        "timestampUtcMs": "2025-09-09T16:43:09.347Z",
        "type": "SET_STATE_SCHEMA",
        "input": {
          "schema": "type AppModuleState {\n  name: String!\n  status: StatusType!\n  documentDragAndDrop:\n}\n\nenum StatusType {\n  DRAFT\n  CONFIRMED\n}",
          "scope": "global"
        },
        "scope": "global"
      },
      "hash": "ML8R0NwjgMvxqLKWO0o19nf/0z0=",
      "index": 23,
      "skip": 0,
      "timestamp": "2025-09-09T16:43:09.351Z"
    },
    {
      "id": "a52ee418-1b2c-4475-b430-184aa792de7b",
      "timestampUtcMs": "2025-09-09T16:43:20.441Z",
      "type": "SET_STATE_SCHEMA",
      "input": {
        "schema": "type AppModuleState {\n  name: String!\n  status: StatusType!\n  documentDragAndDrop: Boolean!\n}\n\nenum StatusType {\n  DRAFT\n  CONFIRMED\n}",
        "scope": "global"
      },
      "scope": "global",
      "action": {
        "id": "73288d07-0000-49c5-961e-f4618f6898d6",
        "timestampUtcMs": "2025-09-09T16:43:20.440Z",
        "type": "SET_STATE_SCHEMA",
        "input": {
          "schema": "type AppModuleState {\n  name: String!\n  status: StatusType!\n  documentDragAndDrop: Boolean!\n}\n\nenum StatusType {\n  DRAFT\n  CONFIRMED\n}",
          "scope": "global"
        },
        "scope": "global"
      },
      "hash": "OgQOgMdFyFawmoXVe6NhbLoh4Ao=",
      "index": 24,
      "skip": 0,
      "timestamp": "2025-09-09T16:43:20.441Z"
    },
    {
      "id": "932675da-64c5-4710-a4e7-7e844a82c5c4",
      "timestampUtcMs": "2025-09-09T16:44:25.315Z",
      "type": "SET_STATE_SCHEMA",
      "input": {
        "schema": "type AppModuleState {\n  name: String!\n  status: StatusType!\n  documentDragAndDrop: Boolean!\n  documentTypes: \n}\n\nenum StatusType {\n  DRAFT\n  CONFIRMED\n}\n\ntype DocumentTypeItem {\n  id: OID!\n  documentType: String!\n}",
        "scope": "global"
      },
      "scope": "global",
      "action": {
        "id": "8410c4fc-e8f3-4585-adb9-3205bd4c073c",
        "timestampUtcMs": "2025-09-09T16:44:25.313Z",
        "type": "SET_STATE_SCHEMA",
        "input": {
          "schema": "type AppModuleState {\n  name: String!\n  status: StatusType!\n  documentDragAndDrop: Boolean!\n  documentTypes: \n}\n\nenum StatusType {\n  DRAFT\n  CONFIRMED\n}\n\ntype DocumentTypeItem {\n  id: OID!\n  documentType: String!\n}",
          "scope": "global"
        },
        "scope": "global"
      },
      "hash": "DwFjQrICYoTT73BJKNLWyLgybfE=",
      "index": 25,
      "skip": 0,
      "timestamp": "2025-09-09T16:44:25.315Z"
    },
    {
      "id": "f211d867-117d-431a-94d7-e78e61cc2156",
      "timestampUtcMs": "2025-09-09T16:44:25.319Z",
      "type": "SET_STATE_SCHEMA",
      "input": {
        "schema": "type AppModuleState {\n  name: String!\n  status: StatusType!\n  documentDragAndDrop: Boolean!\n  documentTypes: \n}\n\nenum StatusType {\n  DRAFT\n  CONFIRMED\n}\n\ntype DocumentTypeItem {\n  id: OID!\n  documentType: String!\n}",
        "scope": "global"
      },
      "scope": "global",
      "action": {
        "id": "596e118b-a694-41d9-8118-e380800a5f71",
        "timestampUtcMs": "2025-09-09T16:44:25.314Z",
        "type": "SET_STATE_SCHEMA",
        "input": {
          "schema": "type AppModuleState {\n  name: String!\n  status: StatusType!\n  documentDragAndDrop: Boolean!\n  documentTypes: \n}\n\nenum StatusType {\n  DRAFT\n  CONFIRMED\n}\n\ntype DocumentTypeItem {\n  id: OID!\n  documentType: String!\n}",
          "scope": "global"
        },
        "scope": "global"
      },
      "hash": "DwFjQrICYoTT73BJKNLWyLgybfE=",
      "index": 26,
      "skip": 0,
      "timestamp": "2025-09-09T16:44:25.319Z"
    },
    {
      "id": "cfe505a8-9883-4b10-9ec3-e2a801b23264",
      "timestampUtcMs": "2025-09-09T16:44:36.113Z",
      "type": "SET_STATE_SCHEMA",
      "input": {
        "schema": "type AppModuleState {\n  name: String!\n  status: StatusType!\n  documentDragAndDrop: Boolean!\n  documentTypes: [DocumentTypeItem!]!\n}\n\nenum StatusType {\n  DRAFT\n  CONFIRMED\n}\n\ntype DocumentTypeItem {\n  id: OID!\n  documentType: String!\n}",
        "scope": "global"
      },
      "scope": "global",
      "action": {
        "id": "00c4075c-b6ba-4053-b51f-81ace6176a70",
        "timestampUtcMs": "2025-09-09T16:44:36.111Z",
        "type": "SET_STATE_SCHEMA",
        "input": {
          "schema": "type AppModuleState {\n  name: String!\n  status: StatusType!\n  documentDragAndDrop: Boolean!\n  documentTypes: [DocumentTypeItem!]!\n}\n\nenum StatusType {\n  DRAFT\n  CONFIRMED\n}\n\ntype DocumentTypeItem {\n  id: OID!\n  documentType: String!\n}",
          "scope": "global"
        },
        "scope": "global"
      },
      "hash": "foJiV19GjzvQWxIlrf+v2tqCkno=",
      "index": 27,
      "skip": 0,
      "timestamp": "2025-09-09T16:44:36.113Z"
    },
    {
      "id": "0685cea9-4de3-4f76-8a05-67009f6b8167",
      "timestampUtcMs": "2025-09-09T16:45:09.525Z",
      "type": "SET_STATE_SCHEMA",
      "input": {
        "schema": "type AppModuleState {\n  name: String!\n  status: StatusType!\n  dragAndDrop: {\n    enabled: Boolean!\n  \n  }\n  documentDragAndDrop: Boolean!\n  \n}\n\nenum StatusType {\n  DRAFT\n  CONFIRMED\n}\n\ntype DocumentTypeItem {\n  id: OID!\n  documentType: String!\n}",
        "scope": "global"
      },
      "scope": "global",
      "action": {
        "id": "cec19674-dee9-4dd3-8f42-095ee7c642c1",
        "timestampUtcMs": "2025-09-09T16:45:09.518Z",
        "type": "SET_STATE_SCHEMA",
        "input": {
          "schema": "type AppModuleState {\n  name: String!\n  status: StatusType!\n  dragAndDrop: {\n    enabled: Boolean!\n  \n  }\n  documentDragAndDrop: Boolean!\n  \n}\n\nenum StatusType {\n  DRAFT\n  CONFIRMED\n}\n\ntype DocumentTypeItem {\n  id: OID!\n  documentType: String!\n}",
          "scope": "global"
        },
        "scope": "global"
      },
      "hash": "8rYSqEviKJk0xf4e+iKZ7yZrhQo=",
      "index": 28,
      "skip": 0,
      "timestamp": "2025-09-09T16:45:09.525Z"
    },
    {
      "id": "a240bf81-f1bf-4e27-bc7b-6f85edb55b28",
      "timestampUtcMs": "2025-09-09T16:45:20.565Z",
      "type": "SET_STATE_SCHEMA",
      "input": {
        "schema": "type AppModuleState {\n  name: String!\n  status: StatusType!\n  dragAndDrop: {\n    enabled: Boolean!\n    documentTypes: [DocumentTypeItem!]!\n  }\n}\n\nenum StatusType {\n  DRAFT\n  CONFIRMED\n}\n\ntype DocumentTypeItem {\n  id: OID!\n  documentType: String!\n}",
        "scope": "global"
      },
      "scope": "global",
      "action": {
        "id": "2143b933-1754-41a7-a47e-4e41b4f1a866",
        "timestampUtcMs": "2025-09-09T16:45:20.563Z",
        "type": "SET_STATE_SCHEMA",
        "input": {
          "schema": "type AppModuleState {\n  name: String!\n  status: StatusType!\n  dragAndDrop: {\n    enabled: Boolean!\n    documentTypes: [DocumentTypeItem!]!\n  }\n}\n\nenum StatusType {\n  DRAFT\n  CONFIRMED\n}\n\ntype DocumentTypeItem {\n  id: OID!\n  documentType: String!\n}",
          "scope": "global"
        },
        "scope": "global"
      },
      "hash": "dLVjr5bPXhWUJ/5QgjYi7YADByo=",
      "index": 29,
      "skip": 0,
      "timestamp": "2025-09-09T16:45:20.565Z"
    },
    {
      "id": "48adbe2c-ef2f-42c3-b5b4-887b91f718f9",
      "timestampUtcMs": "2025-09-09T16:45:50.610Z",
      "type": "SET_STATE_SCHEMA",
      "input": {
        "schema": "type AppModuleState {\n  name: String!\n  status: StatusType!\n  dragAndDrop: {\n    enabled: Boolean!\n    documentTypes: [DocumentTypeItem!]!\n  }\n}\n\nenum StatusType {\n  DRAFT\n  CONFIRMED\n}\n\ntype DocumentTypeItem {\n  id: OID!\n  documentType: String!\n}\n\ntype DragAndDropSettings {\n  enabled: Boolean!\n  \n}",
        "scope": "global"
      },
      "scope": "global",
      "action": {
        "id": "220b471e-d8a9-46c9-af48-460f58d637b2",
        "timestampUtcMs": "2025-09-09T16:45:50.609Z",
        "type": "SET_STATE_SCHEMA",
        "input": {
          "schema": "type AppModuleState {\n  name: String!\n  status: StatusType!\n  dragAndDrop: {\n    enabled: Boolean!\n    documentTypes: [DocumentTypeItem!]!\n  }\n}\n\nenum StatusType {\n  DRAFT\n  CONFIRMED\n}\n\ntype DocumentTypeItem {\n  id: OID!\n  documentType: String!\n}\n\ntype DragAndDropSettings {\n  enabled: Boolean!\n  \n}",
          "scope": "global"
        },
        "scope": "global"
      },
      "hash": "2orzCWfLD3rH36vM1IDkD6mEgBg=",
      "index": 30,
      "skip": 0,
      "timestamp": "2025-09-09T16:45:50.610Z"
    },
    {
      "id": "5d57d3e1-2b80-4147-a825-56f9fc96350a",
      "timestampUtcMs": "2025-09-09T16:45:56.064Z",
      "type": "SET_STATE_SCHEMA",
      "input": {
        "schema": "type AppModuleState {\n  name: String!\n  status: StatusType!\n  dragAndDrop: {\n    enabled: Boolean!\n    documentTypes: [DocumentTypeItem!]!\n  }\n}\n\nenum StatusType {\n  DRAFT\n  CONFIRMED\n}\n\ntype DocumentTypeItem {\n  id: OID!\n  documentType: String!\n}\n\ntype DragAndDropSettings {\n  enabled: Boolean!\n  documentTypes: [DocumentTypeItem!]!\n}",
        "scope": "global"
      },
      "scope": "global",
      "action": {
        "id": "4d7e92c5-6d5b-4fe0-a015-4ae4ff19ff18",
        "timestampUtcMs": "2025-09-09T16:45:56.064Z",
        "type": "SET_STATE_SCHEMA",
        "input": {
          "schema": "type AppModuleState {\n  name: String!\n  status: StatusType!\n  dragAndDrop: {\n    enabled: Boolean!\n    documentTypes: [DocumentTypeItem!]!\n  }\n}\n\nenum StatusType {\n  DRAFT\n  CONFIRMED\n}\n\ntype DocumentTypeItem {\n  id: OID!\n  documentType: String!\n}\n\ntype DragAndDropSettings {\n  enabled: Boolean!\n  documentTypes: [DocumentTypeItem!]!\n}",
          "scope": "global"
        },
        "scope": "global"
      },
      "hash": "lxbN04/IBZ/lnneaiE/uAl50M1g=",
      "index": 31,
      "skip": 0,
      "timestamp": "2025-09-09T16:45:56.064Z"
    },
    {
      "id": "1c6202a2-2d29-4651-91e2-6289c05180cd",
      "timestampUtcMs": "2025-09-09T16:46:04.120Z",
      "type": "SET_STATE_SCHEMA",
      "input": {
        "schema": "type AppModuleState {\n  name: String!\n  status: StatusType!\n  dragAndDrop: \n}\n\nenum StatusType {\n  DRAFT\n  CONFIRMED\n}\n\ntype DocumentTypeItem {\n  id: OID!\n  documentType: String!\n}\n\ntype DragAndDropSettings {\n  enabled: Boolean!\n  documentTypes: [DocumentTypeItem!]!\n}",
        "scope": "global"
      },
      "scope": "global",
      "action": {
        "id": "b4f4e100-e9bc-4615-b92a-fc231324fcbe",
        "timestampUtcMs": "2025-09-09T16:46:04.116Z",
        "type": "SET_STATE_SCHEMA",
        "input": {
          "schema": "type AppModuleState {\n  name: String!\n  status: StatusType!\n  dragAndDrop: \n}\n\nenum StatusType {\n  DRAFT\n  CONFIRMED\n}\n\ntype DocumentTypeItem {\n  id: OID!\n  documentType: String!\n}\n\ntype DragAndDropSettings {\n  enabled: Boolean!\n  documentTypes: [DocumentTypeItem!]!\n}",
          "scope": "global"
        },
        "scope": "global"
      },
      "hash": "noRwdtT8ABWNHMYC3o1oTdc/5gM=",
      "index": 32,
      "skip": 0,
      "timestamp": "2025-09-09T16:46:04.120Z"
    },
    {
      "id": "26b6333b-955d-4f6b-8db0-0560bfb67a92",
      "timestampUtcMs": "2025-09-09T16:46:11.060Z",
      "type": "SET_STATE_SCHEMA",
      "input": {
        "schema": "type AppModuleState {\n  name: String!\n  status: StatusType!\n  dragAndDrop: DragAndDropSettings!\n}\n\nenum StatusType {\n  DRAFT\n  CONFIRMED\n}\n\ntype DocumentTypeItem {\n  id: OID!\n  documentType: String!\n}\n\ntype DragAndDropSettings {\n  enabled: Boolean!\n  documentTypes: [DocumentTypeItem!]!\n}",
        "scope": "global"
      },
      "scope": "global",
      "action": {
        "id": "5cf2c3fe-079c-4fbd-a9b9-bb94469ed6f9",
        "timestampUtcMs": "2025-09-09T16:46:11.059Z",
        "type": "SET_STATE_SCHEMA",
        "input": {
          "schema": "type AppModuleState {\n  name: String!\n  status: StatusType!\n  dragAndDrop: DragAndDropSettings!\n}\n\nenum StatusType {\n  DRAFT\n  CONFIRMED\n}\n\ntype DocumentTypeItem {\n  id: OID!\n  documentType: String!\n}\n\ntype DragAndDropSettings {\n  enabled: Boolean!\n  documentTypes: [DocumentTypeItem!]!\n}",
          "scope": "global"
        },
        "scope": "global"
      },
      "hash": "Ei/QgszFFLWTMDMSpyGNr3fb4XQ=",
      "index": 33,
      "skip": 0,
      "timestamp": "2025-09-09T16:46:11.060Z"
    },
    {
      "id": "d4b43d7b-ffaa-46bf-8a09-efc7befd6a71",
      "timestampUtcMs": "2025-09-09T16:46:11.063Z",
      "type": "SET_STATE_SCHEMA",
      "input": {
        "schema": "type AppModuleState {\n  name: String!\n  status: StatusType!\n  dragAndDrop: DragAndDropSettings!\n}\n\nenum StatusType {\n  DRAFT\n  CONFIRMED\n}\n\ntype DocumentTypeItem {\n  id: OID!\n  documentType: String!\n}\n\ntype DragAndDropSettings {\n  enabled: Boolean!\n  documentTypes: [DocumentTypeItem!]!\n}",
        "scope": "global"
      },
      "scope": "global",
      "action": {
        "id": "6e262eee-7715-4853-9933-2afdc1a00065",
        "timestampUtcMs": "2025-09-09T16:46:11.059Z",
        "type": "SET_STATE_SCHEMA",
        "input": {
          "schema": "type AppModuleState {\n  name: String!\n  status: StatusType!\n  dragAndDrop: DragAndDropSettings!\n}\n\nenum StatusType {\n  DRAFT\n  CONFIRMED\n}\n\ntype DocumentTypeItem {\n  id: OID!\n  documentType: String!\n}\n\ntype DragAndDropSettings {\n  enabled: Boolean!\n  documentTypes: [DocumentTypeItem!]!\n}",
          "scope": "global"
        },
        "scope": "global"
      },
      "hash": "Ei/QgszFFLWTMDMSpyGNr3fb4XQ=",
      "index": 34,
      "skip": 0,
      "timestamp": "2025-09-09T16:46:11.063Z"
    },
    {
      "id": "14321e10-9220-4ca8-9060-167363e4cfce",
      "timestampUtcMs": "2025-09-09T16:46:11.828Z",
      "type": "SET_INITIAL_STATE",
      "input": {
        "initialValue": "{\n  \"name\": \"\",\n  \"status\": \"DRAFT\",\n  \"dragAndDrop\": {\n    \"enabled\": false,\n    \"documentTypes\": []\n  }\n}",
        "scope": "global"
      },
      "scope": "global",
      "action": {
        "id": "26bd1429-5e35-4a36-b8c6-a110f2f4d47b",
        "timestampUtcMs": "2025-09-09T16:46:11.828Z",
        "type": "SET_INITIAL_STATE",
        "input": {
          "initialValue": "{\n  \"name\": \"\",\n  \"status\": \"DRAFT\",\n  \"dragAndDrop\": {\n    \"enabled\": false,\n    \"documentTypes\": []\n  }\n}",
          "scope": "global"
        },
        "scope": "global"
      },
      "hash": "IiVyoG3dnBR5BJ1788/UyM90+Bk=",
      "index": 35,
      "skip": 0,
      "timestamp": "2025-09-09T16:46:11.828Z"
    },
    {
      "id": "b56689ec-f60c-406e-a973-34a3df8c8411",
      "timestampUtcMs": "2025-09-09T16:47:01.388Z",
      "type": "SET_INITIAL_STATE",
      "input": {
        "initialValue": "{\n  \"name\": \"\",\n  \"status\": \"DRAFT\",\n  \"dragAndDrop\": {\n    \"enabled\": false,\n    \"documentTypes\": [{ }]\n  }\n}",
        "scope": "global"
      },
      "scope": "global",
      "action": {
        "id": "5a7d91d6-ba11-490f-b19f-66c21d140e47",
        "timestampUtcMs": "2025-09-09T16:47:01.387Z",
        "type": "SET_INITIAL_STATE",
        "input": {
          "initialValue": "{\n  \"name\": \"\",\n  \"status\": \"DRAFT\",\n  \"dragAndDrop\": {\n    \"enabled\": false,\n    \"documentTypes\": [{ }]\n  }\n}",
          "scope": "global"
        },
        "scope": "global"
      },
      "hash": "VmRrbuzixj9nhJKvrMF8uasAE4s=",
      "index": 36,
      "skip": 0,
      "timestamp": "2025-09-09T16:47:01.388Z"
    },
    {
      "id": "0642b391-e0a9-4110-ab91-b85eb682eafa",
      "timestampUtcMs": "2025-09-09T16:47:26.661Z",
      "type": "SET_INITIAL_STATE",
      "input": {
        "initialValue": "{\n  \"name\": \"\",\n  \"status\": \"DRAFT\",\n  \"dragAndDrop\": {\n    \"enabled\": false,\n    \"documentTypes\": [{ \"id\": \"all-documents\", \"documentType\": \"*\" }]\n  }\n}",
        "scope": "global"
      },
      "scope": "global",
      "action": {
        "id": "a70a2db1-2f80-4fef-83fd-662c2728fa0a",
        "timestampUtcMs": "2025-09-09T16:47:26.659Z",
        "type": "SET_INITIAL_STATE",
        "input": {
          "initialValue": "{\n  \"name\": \"\",\n  \"status\": \"DRAFT\",\n  \"dragAndDrop\": {\n    \"enabled\": false,\n    \"documentTypes\": [{ \"id\": \"all-documents\", \"documentType\": \"*\" }]\n  }\n}",
          "scope": "global"
        },
        "scope": "global"
      },
      "hash": "qd0X0nUyBHqCbpGvi/O2Z1TE1d4=",
      "index": 37,
      "skip": 0,
      "timestamp": "2025-09-09T16:47:26.661Z"
    },
    {
      "id": "f39ab32d-cbbd-4d69-b81e-3ab1da671bc6",
      "timestampUtcMs": "2025-09-09T16:49:15.614Z",
      "type": "ADD_MODULE",
      "input": {
        "id": "270faa10-92e9-40d0-b128-2de32704bcb5",
        "name": "dnd_operations"
      },
      "scope": "global",
      "action": {
        "id": "346ffb09-64ac-46ed-9087-1a2a8a29c447",
        "timestampUtcMs": "2025-09-09T16:49:15.605Z",
        "type": "ADD_MODULE",
        "input": {
          "id": "270faa10-92e9-40d0-b128-2de32704bcb5",
          "name": "dnd_operations"
        },
        "scope": "global"
      },
      "hash": "cvJehA7VGRY/BRAx3BwUCgNuIro=",
      "index": 38,
      "skip": 0,
      "timestamp": "2025-09-09T16:49:15.614Z"
    },
    {
      "id": "99bcdb0d-13d0-4132-b88a-3d86f017cdd1",
      "timestampUtcMs": "2025-09-09T16:49:35.813Z",
      "type": "ADD_OPERATION",
      "input": {
        "id": "077b1ab8-cb32-4b4e-a1fa-76178188c6a1",
        "moduleId": "270faa10-92e9-40d0-b128-2de32704bcb5",
        "name": "SET_DRAG_AND_DROP_ENABLED"
      },
      "scope": "global",
      "action": {
        "id": "a716accf-94f0-46ba-b5e0-d3abad02a586",
        "timestampUtcMs": "2025-09-09T16:49:35.809Z",
        "type": "ADD_OPERATION",
        "input": {
          "id": "077b1ab8-cb32-4b4e-a1fa-76178188c6a1",
          "moduleId": "270faa10-92e9-40d0-b128-2de32704bcb5",
          "name": "SET_DRAG_AND_DROP_ENABLED"
        },
        "scope": "global"
      },
      "hash": "zEh2Zk6dUMQi4l6KPCrCCCjeGqE=",
      "index": 39,
      "skip": 0,
      "timestamp": "2025-09-09T16:49:35.813Z"
    },
    {
      "id": "cc6c9d04-d89d-4475-86d1-0ab77ea709ff",
      "timestampUtcMs": "2025-09-09T16:49:35.821Z",
      "type": "SET_OPERATION_SCHEMA",
      "input": {
        "id": "077b1ab8-cb32-4b4e-a1fa-76178188c6a1",
        "schema": "input SetDragAndDropEnabledInput {\n  \"Add your inputs here\"\n  _placeholder: String\n}"
      },
      "scope": "global",
      "action": {
        "id": "aa36f194-5230-4e0a-9f2a-73535c40e10e",
        "timestampUtcMs": "2025-09-09T16:49:35.812Z",
        "type": "SET_OPERATION_SCHEMA",
        "input": {
          "id": "077b1ab8-cb32-4b4e-a1fa-76178188c6a1",
          "schema": "input SetDragAndDropEnabledInput {\n  \"Add your inputs here\"\n  _placeholder: String\n}"
        },
        "scope": "global"
      },
      "hash": "twAqdF0BjA1GWkjyQDajxJFkQa8=",
      "index": 40,
      "skip": 0,
      "timestamp": "2025-09-09T16:49:35.821Z"
    },
    {
      "id": "4ce7608b-be2b-4ae8-b916-abc7d8054dc1",
      "timestampUtcMs": "2025-09-09T16:49:48.231Z",
      "type": "SET_OPERATION_SCHEMA",
      "input": {
        "id": "077b1ab8-cb32-4b4e-a1fa-76178188c6a1",
        "schema": "input SetDragAndDropEnabledInput {\n  enabled: Boolean!\n}"
      },
      "scope": "global",
      "action": {
        "id": "c9091c28-f8c6-4f89-89dc-06fa77d093c4",
        "timestampUtcMs": "2025-09-09T16:49:48.230Z",
        "type": "SET_OPERATION_SCHEMA",
        "input": {
          "id": "077b1ab8-cb32-4b4e-a1fa-76178188c6a1",
          "schema": "input SetDragAndDropEnabledInput {\n  enabled: Boolean!\n}"
        },
        "scope": "global"
      },
      "hash": "KSScJvCTh8WWypCND8MFznMndL0=",
      "index": 41,
      "skip": 0,
      "timestamp": "2025-09-09T16:49:48.231Z"
    },
    {
      "id": "a35cffe2-6094-4e6a-833b-f40e67df58fc",
      "timestampUtcMs": "2025-09-09T16:49:48.235Z",
      "type": "SET_OPERATION_SCHEMA",
      "input": {
        "id": "077b1ab8-cb32-4b4e-a1fa-76178188c6a1",
        "schema": "input SetDragAndDropEnabledInput {\n  enabled: Boolean!\n}"
      },
      "scope": "global",
      "action": {
        "id": "e9fa4ce2-53ff-46e1-871c-5f67bd5dbbe4",
        "timestampUtcMs": "2025-09-09T16:49:48.231Z",
        "type": "SET_OPERATION_SCHEMA",
        "input": {
          "id": "077b1ab8-cb32-4b4e-a1fa-76178188c6a1",
          "schema": "input SetDragAndDropEnabledInput {\n  enabled: Boolean!\n}"
        },
        "scope": "global"
      },
      "hash": "KSScJvCTh8WWypCND8MFznMndL0=",
      "index": 42,
      "skip": 0,
      "timestamp": "2025-09-09T16:49:48.235Z"
    },
    {
      "id": "65c7436a-7d45-4121-91e8-0840e1381534",
      "timestampUtcMs": "2025-09-09T16:50:17.914Z",
      "type": "ADD_OPERATION",
      "input": {
        "id": "1134db1d-ce83-4426-8c77-7547f3a84143",
        "moduleId": "270faa10-92e9-40d0-b128-2de32704bcb5",
        "name": "ADD_DOCUMENT_TYPE"
      },
      "scope": "global",
      "action": {
        "id": "1c725c67-a193-4d60-b317-87331b63c0bc",
        "timestampUtcMs": "2025-09-09T16:50:17.910Z",
        "type": "ADD_OPERATION",
        "input": {
          "id": "1134db1d-ce83-4426-8c77-7547f3a84143",
          "moduleId": "270faa10-92e9-40d0-b128-2de32704bcb5",
          "name": "ADD_DOCUMENT_TYPE"
        },
        "scope": "global"
      },
      "hash": "EJoEFXcjflaBQMOyHye3uTKM0I4=",
      "index": 43,
      "skip": 0,
      "timestamp": "2025-09-09T16:50:17.914Z"
    },
    {
      "id": "e789767f-7d46-4fcf-a0d9-e0dd4bcf87e8",
      "timestampUtcMs": "2025-09-09T16:50:17.921Z",
      "type": "SET_OPERATION_SCHEMA",
      "input": {
        "id": "1134db1d-ce83-4426-8c77-7547f3a84143",
        "schema": "input AddDocumentTypeInput {\n  \"Add your inputs here\"\n  _placeholder: String\n}"
      },
      "scope": "global",
      "action": {
        "id": "afd3e05e-89cd-4460-89dd-542c5af04102",
        "timestampUtcMs": "2025-09-09T16:50:17.912Z",
        "type": "SET_OPERATION_SCHEMA",
        "input": {
          "id": "1134db1d-ce83-4426-8c77-7547f3a84143",
          "schema": "input AddDocumentTypeInput {\n  \"Add your inputs here\"\n  _placeholder: String\n}"
        },
        "scope": "global"
      },
      "hash": "AGPOvtDymoms6AvGsLpVnGclJm0=",
      "index": 44,
      "skip": 0,
      "timestamp": "2025-09-09T16:50:17.921Z"
    },
    {
      "id": "8e8651a5-5038-427f-b95d-0813d3b49aa6",
      "timestampUtcMs": "2025-09-09T16:50:27.658Z",
      "type": "SET_OPERATION_SCHEMA",
      "input": {
        "id": "1134db1d-ce83-4426-8c77-7547f3a84143",
        "schema": "input AddDocumentTypeInput {\n  id: OID!\n  documentType: String!\n}"
      },
      "scope": "global",
      "action": {
        "id": "bfd6f056-a13c-47a0-b26e-3d72c562f72f",
        "timestampUtcMs": "2025-09-09T16:50:27.658Z",
        "type": "SET_OPERATION_SCHEMA",
        "input": {
          "id": "1134db1d-ce83-4426-8c77-7547f3a84143",
          "schema": "input AddDocumentTypeInput {\n  id: OID!\n  documentType: String!\n}"
        },
        "scope": "global"
      },
      "hash": "9qSi7oI8LJ/6y4kCzFjoJW/PxL8=",
      "index": 45,
      "skip": 0,
      "timestamp": "2025-09-09T16:50:27.658Z"
    },
    {
      "id": "ff03cabd-2439-45dc-9482-6e7fe2569f2b",
      "timestampUtcMs": "2025-09-09T16:50:27.661Z",
      "type": "SET_OPERATION_SCHEMA",
      "input": {
        "id": "1134db1d-ce83-4426-8c77-7547f3a84143",
        "schema": "input AddDocumentTypeInput {\n  id: OID!\n  documentType: String!\n}"
      },
      "scope": "global",
      "action": {
        "id": "515f63b5-a42b-40a1-8ac0-123a358cb552",
        "timestampUtcMs": "2025-09-09T16:50:27.658Z",
        "type": "SET_OPERATION_SCHEMA",
        "input": {
          "id": "1134db1d-ce83-4426-8c77-7547f3a84143",
          "schema": "input AddDocumentTypeInput {\n  id: OID!\n  documentType: String!\n}"
        },
        "scope": "global"
      },
      "hash": "9qSi7oI8LJ/6y4kCzFjoJW/PxL8=",
      "index": 46,
      "skip": 0,
      "timestamp": "2025-09-09T16:50:27.661Z"
    },
    {
      "id": "05d1f085-118f-4f00-bbef-d4ee53ae418c",
      "timestampUtcMs": "2025-09-09T16:50:37.569Z",
      "type": "ADD_OPERATION",
      "input": {
        "id": "4dd83b36-d6d5-4506-ac1b-0a1afc40ac84",
        "moduleId": "270faa10-92e9-40d0-b128-2de32704bcb5",
        "name": "REMOVE_DOCUMENT_TYPE"
      },
      "scope": "global",
      "action": {
        "id": "41223fe0-bff8-4e01-9b9b-69857709a0d6",
        "timestampUtcMs": "2025-09-09T16:50:37.563Z",
        "type": "ADD_OPERATION",
        "input": {
          "id": "4dd83b36-d6d5-4506-ac1b-0a1afc40ac84",
          "moduleId": "270faa10-92e9-40d0-b128-2de32704bcb5",
          "name": "REMOVE_DOCUMENT_TYPE"
        },
        "scope": "global"
      },
      "hash": "wegIBM08oPyQwdNkOWKAwcwoJVM=",
      "index": 47,
      "skip": 0,
      "timestamp": "2025-09-09T16:50:37.569Z"
    },
    {
      "id": "ae50bef0-06e1-476f-b97d-5bb67733a9d5",
      "timestampUtcMs": "2025-09-09T16:50:37.577Z",
      "type": "SET_OPERATION_SCHEMA",
      "input": {
        "id": "4dd83b36-d6d5-4506-ac1b-0a1afc40ac84",
        "schema": "input RemoveDocumentTypeInput {\n  \"Add your inputs here\"\n  _placeholder: String\n}"
      },
      "scope": "global",
      "action": {
        "id": "64738759-206b-4897-b844-ef9dec576bb9",
        "timestampUtcMs": "2025-09-09T16:50:37.566Z",
        "type": "SET_OPERATION_SCHEMA",
        "input": {
          "id": "4dd83b36-d6d5-4506-ac1b-0a1afc40ac84",
          "schema": "input RemoveDocumentTypeInput {\n  \"Add your inputs here\"\n  _placeholder: String\n}"
        },
        "scope": "global"
      },
      "hash": "BpP8Ly60y163tTsUfmC1/9T+hus=",
      "index": 48,
      "skip": 0,
      "timestamp": "2025-09-09T16:50:37.577Z"
    },
    {
      "id": "0d4807c7-94be-4759-b51d-3ec585f05be7",
      "timestampUtcMs": "2025-09-09T16:50:44.475Z",
      "type": "SET_OPERATION_SCHEMA",
      "input": {
        "id": "4dd83b36-d6d5-4506-ac1b-0a1afc40ac84",
        "schema": "input RemoveDocumentTypeInput {\n  id: OID!\n}"
      },
      "scope": "global",
      "action": {
        "id": "5165be56-94d2-4afe-8ef3-c0285f5d2d28",
        "timestampUtcMs": "2025-09-09T16:50:44.475Z",
        "type": "SET_OPERATION_SCHEMA",
        "input": {
          "id": "4dd83b36-d6d5-4506-ac1b-0a1afc40ac84",
          "schema": "input RemoveDocumentTypeInput {\n  id: OID!\n}"
        },
        "scope": "global"
      },
      "hash": "0nXst3y2b9ai38+zGYTH0BenGw0=",
      "index": 49,
      "skip": 0,
      "timestamp": "2025-09-09T16:50:44.475Z"
    },
    {
      "id": "4cd0862a-d936-48ca-b695-2e90087fa9a0",
      "timestampUtcMs": "2025-09-09T16:50:44.478Z",
      "type": "SET_OPERATION_SCHEMA",
      "input": {
        "id": "4dd83b36-d6d5-4506-ac1b-0a1afc40ac84",
        "schema": "input RemoveDocumentTypeInput {\n  id: OID!\n}"
      },
      "scope": "global",
      "action": {
        "id": "99a77ebb-1fff-4a06-aed8-1903a67091ed",
        "timestampUtcMs": "2025-09-09T16:50:44.475Z",
        "type": "SET_OPERATION_SCHEMA",
        "input": {
          "id": "4dd83b36-d6d5-4506-ac1b-0a1afc40ac84",
          "schema": "input RemoveDocumentTypeInput {\n  id: OID!\n}"
        },
        "scope": "global"
      },
      "hash": "0nXst3y2b9ai38+zGYTH0BenGw0=",
      "index": 50,
      "skip": 0,
      "timestamp": "2025-09-09T16:50:44.478Z"
    },
    {
      "id": "6117290e-2f02-4e6f-aeac-296a1bd38f05",
      "timestampUtcMs": "2025-09-09T16:55:36.931Z",
      "type": "SET_STATE_SCHEMA",
      "input": {
        "schema": "type AppModuleState {\n  name: String!\n  status: StatusType!\n  dragAndDrop: DragAndDropSettings\n}\n\nenum StatusType {\n  DRAFT\n  CONFIRMED\n}\n\ntype DocumentTypeItem {\n  id: OID!\n  documentType: String!\n}\n\ntype DragAndDropSettings {\n  enabled: Boolean!\n  documentTypes: [DocumentTypeItem!]!\n}",
        "scope": "global"
      },
      "scope": "global",
      "action": {
        "id": "79588d62-04f4-4f8a-998f-249b3f327cbf",
        "timestampUtcMs": "2025-09-09T16:55:36.928Z",
        "type": "SET_STATE_SCHEMA",
        "input": {
          "schema": "type AppModuleState {\n  name: String!\n  status: StatusType!\n  dragAndDrop: DragAndDropSettings\n}\n\nenum StatusType {\n  DRAFT\n  CONFIRMED\n}\n\ntype DocumentTypeItem {\n  id: OID!\n  documentType: String!\n}\n\ntype DragAndDropSettings {\n  enabled: Boolean!\n  documentTypes: [DocumentTypeItem!]!\n}",
          "scope": "global"
        },
        "scope": "global"
      },
      "hash": "Cj4KUS+n27nr/BbUZqQ/flidJjM=",
      "index": 51,
      "skip": 0,
      "timestamp": "2025-09-09T16:55:36.931Z"
    },
    {
      "id": "09f6c90e-d8f8-4995-9e61-21ec7057df37",
      "timestampUtcMs": "2025-09-09T17:45:11.819Z",
      "type": "SET_INITIAL_STATE",
      "input": {
        "initialValue": "{\n  \"name\": \"\",\n  \"status\": \"DRAFT\",\n  \"dragAndDrop\": {\n    \"enabled\": true,\n    \"documentTypes\": [{ \"id\": \"all-documents\", \"documentType\": \"*\" }]\n  }\n}",
        "scope": "global"
      },
      "scope": "global",
      "action": {
        "id": "9479b520-e38c-4fb4-8248-eceb1572ce51",
        "timestampUtcMs": "2025-09-09T17:45:11.818Z",
        "type": "SET_INITIAL_STATE",
        "input": {
          "initialValue": "{\n  \"name\": \"\",\n  \"status\": \"DRAFT\",\n  \"dragAndDrop\": {\n    \"enabled\": true,\n    \"documentTypes\": [{ \"id\": \"all-documents\", \"documentType\": \"*\" }]\n  }\n}",
          "scope": "global"
        },
        "scope": "global"
      },
      "hash": "jomWxaxU5P0hqMaJg1r4vYLNqmU=",
      "index": 52,
      "skip": 0,
      "timestamp": "2025-09-09T17:45:11.819Z"
    },
    {
      "id": "3e539cad-9762-4a96-89c3-9d0347c9d1dc",
      "timestampUtcMs": "2025-09-09T17:45:11.824Z",
      "type": "SET_INITIAL_STATE",
      "input": {
        "initialValue": "{\n  \"name\": \"\",\n  \"status\": \"DRAFT\",\n  \"dragAndDrop\": {\n    \"enabled\": true,\n    \"documentTypes\": [{ \"id\": \"all-documents\", \"documentType\": \"*\" }]\n  }\n}",
        "scope": "global"
      },
      "scope": "global",
      "action": {
        "id": "6d9b9711-be46-4289-8101-b29d32d1dabb",
        "timestampUtcMs": "2025-09-09T17:45:11.818Z",
        "type": "SET_INITIAL_STATE",
        "input": {
          "initialValue": "{\n  \"name\": \"\",\n  \"status\": \"DRAFT\",\n  \"dragAndDrop\": {\n    \"enabled\": true,\n    \"documentTypes\": [{ \"id\": \"all-documents\", \"documentType\": \"*\" }]\n  }\n}",
          "scope": "global"
        },
        "scope": "global"
      },
      "hash": "jomWxaxU5P0hqMaJg1r4vYLNqmU=",
      "index": 53,
      "skip": 0,
      "timestamp": "2025-09-09T17:45:11.824Z"
    },
    {
      "id": "a19339d5-99db-4c0b-aabd-1dbf27177dd6",
      "timestampUtcMs": "2025-09-15T16:28:19.680Z",
      "type": "SET_STATE_SCHEMA",
      "input": {
        "schema": "type AppModuleState {\n  name: String!\n  status: StatusType!\n  documentTypes: String\n  dragAndDrop: DragAndDropSettings\n}\n\nenum StatusType {\n  DRAFT\n  CONFIRMED\n}\n\ntype DocumentTypeItem {\n  id: OID!\n  documentType: String!\n}\n\ntype DragAndDropSettings {\n  enabled: Boolean!\n  documentTypes: [DocumentTypeItem!]!\n}",
        "scope": "global"
      },
      "scope": "global",
      "action": {
        "id": "4ddc15db-81c1-4e44-bf83-e80b92e6a912",
        "timestampUtcMs": "2025-09-15T16:28:19.677Z",
        "type": "SET_STATE_SCHEMA",
        "input": {
          "schema": "type AppModuleState {\n  name: String!\n  status: StatusType!\n  documentTypes: String\n  dragAndDrop: DragAndDropSettings\n}\n\nenum StatusType {\n  DRAFT\n  CONFIRMED\n}\n\ntype DocumentTypeItem {\n  id: OID!\n  documentType: String!\n}\n\ntype DragAndDropSettings {\n  enabled: Boolean!\n  documentTypes: [DocumentTypeItem!]!\n}",
          "scope": "global"
        },
        "scope": "global"
      },
      "hash": "LZwJZoTfqsGm+x2ZgodTrsoqMN0=",
      "index": 54,
      "skip": 0
    },
    {
      "id": "206424ba-9bb1-4666-acaa-4a351deabc10",
      "timestampUtcMs": "2025-09-15T16:28:29.857Z",
      "type": "SET_STATE_SCHEMA",
      "input": {
        "schema": "type AppModuleState {\n  name: String!\n  status: StatusType!\n  documentTypes: [DocumentTypeItem!]!\n  dragAndDrop: DragAndDropSettings\n}\n\nenum StatusType {\n  DRAFT\n  CONFIRMED\n}\n\ntype DocumentTypeItem {\n  id: OID!\n  documentType: String!\n}\n\ntype DragAndDropSettings {\n  enabled: Boolean!\n  documentTypes: [DocumentTypeItem!]!\n}",
        "scope": "global"
      },
      "scope": "global",
      "action": {
        "id": "9b69e8fc-5d1c-42f6-a7e3-43b9969dd1e9",
        "timestampUtcMs": "2025-09-15T16:28:29.857Z",
        "type": "SET_STATE_SCHEMA",
        "input": {
          "schema": "type AppModuleState {\n  name: String!\n  status: StatusType!\n  documentTypes: [DocumentTypeItem!]!\n  dragAndDrop: DragAndDropSettings\n}\n\nenum StatusType {\n  DRAFT\n  CONFIRMED\n}\n\ntype DocumentTypeItem {\n  id: OID!\n  documentType: String!\n}\n\ntype DragAndDropSettings {\n  enabled: Boolean!\n  documentTypes: [DocumentTypeItem!]!\n}",
          "scope": "global"
        },
        "scope": "global"
      },
      "hash": "i98+5RVagFINYAla8VsX6/blJX8=",
      "index": 55,
      "skip": 0
    },
    {
      "id": "52bf553c-6181-4746-878b-2d07a3bf8238",
      "timestampUtcMs": "2025-09-15T16:28:33.348Z",
      "type": "SET_STATE_SCHEMA",
      "input": {
        "schema": "type AppModuleState {\n  name: String!\n  status: StatusType!\n  documentTypes: [DocumentTypeItem!]!\n  dragAndDrop: DragAndDropSettings\n}\n\nenum StatusType {\n  DRAFT\n  CONFIRMED\n}\n\ntype DocumentTypeItem {\n  id: OID!\n  documentType: String!\n}\n\ntype DragAndDropSettings {\n  enabled: Boolean!\n}",
        "scope": "global"
      },
      "scope": "global",
      "action": {
        "id": "73a1c26c-1181-483c-a681-36f0c00217c5",
        "timestampUtcMs": "2025-09-15T16:28:33.348Z",
        "type": "SET_STATE_SCHEMA",
        "input": {
          "schema": "type AppModuleState {\n  name: String!\n  status: StatusType!\n  documentTypes: [DocumentTypeItem!]!\n  dragAndDrop: DragAndDropSettings\n}\n\nenum StatusType {\n  DRAFT\n  CONFIRMED\n}\n\ntype DocumentTypeItem {\n  id: OID!\n  documentType: String!\n}\n\ntype DragAndDropSettings {\n  enabled: Boolean!\n}",
          "scope": "global"
        },
        "scope": "global"
      },
      "hash": "PdDJh+/A0N1K6FoVd12uegr8lwI=",
      "index": 56,
      "skip": 0
    },
    {
      "id": "bcefa8e0-4eaf-4792-9c82-5210fa93cf84",
      "timestampUtcMs": "2025-09-15T16:28:33.351Z",
      "type": "SET_STATE_SCHEMA",
      "input": {
        "schema": "type AppModuleState {\n  name: String!\n  status: StatusType!\n  documentTypes: [DocumentTypeItem!]!\n  dragAndDrop: DragAndDropSettings\n}\n\nenum StatusType {\n  DRAFT\n  CONFIRMED\n}\n\ntype DocumentTypeItem {\n  id: OID!\n  documentType: String!\n}\n\ntype DragAndDropSettings {\n  enabled: Boolean!\n}",
        "scope": "global"
      },
      "scope": "global",
      "action": {
        "id": "647d3745-fe93-434b-97f2-e266752f6ab8",
        "timestampUtcMs": "2025-09-15T16:28:33.348Z",
        "type": "SET_STATE_SCHEMA",
        "input": {
          "schema": "type AppModuleState {\n  name: String!\n  status: StatusType!\n  documentTypes: [DocumentTypeItem!]!\n  dragAndDrop: DragAndDropSettings\n}\n\nenum StatusType {\n  DRAFT\n  CONFIRMED\n}\n\ntype DocumentTypeItem {\n  id: OID!\n  documentType: String!\n}\n\ntype DragAndDropSettings {\n  enabled: Boolean!\n}",
          "scope": "global"
        },
        "scope": "global"
      },
      "hash": "PdDJh+/A0N1K6FoVd12uegr8lwI=",
      "index": 57,
      "skip": 0
    },
    {
      "id": "18d69fbe-7020-448f-ab31-9c9c443baa1d",
      "timestampUtcMs": "2025-09-15T16:28:33.440Z",
      "type": "SET_INITIAL_STATE",
      "input": {
        "initialValue": "{\n  \"name\": \"\",\n  \"status\": \"DRAFT\",\n  \"documentTypes\": [],\n  \"dragAndDrop\": {\n    \"enabled\": false\n  }\n}",
        "scope": "global"
      },
      "scope": "global",
      "action": {
        "id": "b733b819-58a6-4d12-bdef-e103d668b410",
        "timestampUtcMs": "2025-09-15T16:28:33.440Z",
        "type": "SET_INITIAL_STATE",
        "input": {
          "initialValue": "{\n  \"name\": \"\",\n  \"status\": \"DRAFT\",\n  \"documentTypes\": [],\n  \"dragAndDrop\": {\n    \"enabled\": false\n  }\n}",
          "scope": "global"
        },
        "scope": "global"
      },
      "hash": "ZLJrzYiwMM7Q7XQGlbna4CUJS7I=",
      "index": 58,
      "skip": 0
    },
    {
      "id": "026e67bb-ef57-4e87-99da-6f10e52c0480",
      "timestampUtcMs": "2025-09-15T16:29:20.818Z",
      "type": "SET_INITIAL_STATE",
      "input": {
        "initialValue": "{\n  \"name\": \"\",\n  \"status\": \"DRAFT\",\n  \"documentTypes\": [{ \"id\": \"\" }],\n  \"dragAndDrop\": {\n    \"enabled\": false\n  }\n}",
        "scope": "global"
      },
      "scope": "global",
      "action": {
        "id": "cd826c48-9c32-462c-83f9-5602189f407d",
        "timestampUtcMs": "2025-09-15T16:29:20.815Z",
        "type": "SET_INITIAL_STATE",
        "input": {
          "initialValue": "{\n  \"name\": \"\",\n  \"status\": \"DRAFT\",\n  \"documentTypes\": [{ \"id\": \"\" }],\n  \"dragAndDrop\": {\n    \"enabled\": false\n  }\n}",
          "scope": "global"
        },
        "scope": "global"
      },
      "hash": "2L9Rfi7xUqtvZ56qvVs9FnjHy+s=",
      "index": 59,
      "skip": 0
    },
    {
      "id": "176b0a75-52b4-4bcd-8b77-258801757d08",
      "timestampUtcMs": "2025-09-15T16:29:25.381Z",
      "type": "SET_INITIAL_STATE",
      "input": {
        "initialValue": "{\n  \"name\": \"\",\n  \"status\": \"DRAFT\",\n  \"documentTypes\": [{ \"id\": \"all-documents\",  }],\n  \"dragAndDrop\": {\n    \"enabled\": false\n  }\n}",
        "scope": "global"
      },
      "scope": "global",
      "action": {
        "id": "b658ac41-d34a-4fc0-aa7a-66acd60aac30",
        "timestampUtcMs": "2025-09-15T16:29:25.380Z",
        "type": "SET_INITIAL_STATE",
        "input": {
          "initialValue": "{\n  \"name\": \"\",\n  \"status\": \"DRAFT\",\n  \"documentTypes\": [{ \"id\": \"all-documents\",  }],\n  \"dragAndDrop\": {\n    \"enabled\": false\n  }\n}",
          "scope": "global"
        },
        "scope": "global"
      },
      "hash": "h6OsenAtuhJzNKrJCv6pgtlwut4=",
      "index": 60,
      "skip": 0
    },
    {
      "id": "2ebd05ef-3d61-4d69-a384-d9ce3c3951fd",
      "timestampUtcMs": "2025-09-15T16:29:25.385Z",
      "type": "SET_INITIAL_STATE",
      "input": {
        "initialValue": "{\n  \"name\": \"\",\n  \"status\": \"DRAFT\",\n  \"documentTypes\": [{ \"id\": \"all-documents\",  }],\n  \"dragAndDrop\": {\n    \"enabled\": false\n  }\n}",
        "scope": "global"
      },
      "scope": "global",
      "action": {
        "id": "32b8960f-1d63-4bee-8233-cdcf96eaa799",
        "timestampUtcMs": "2025-09-15T16:29:25.380Z",
        "type": "SET_INITIAL_STATE",
        "input": {
          "initialValue": "{\n  \"name\": \"\",\n  \"status\": \"DRAFT\",\n  \"documentTypes\": [{ \"id\": \"all-documents\",  }],\n  \"dragAndDrop\": {\n    \"enabled\": false\n  }\n}",
          "scope": "global"
        },
        "scope": "global"
      },
      "hash": "h6OsenAtuhJzNKrJCv6pgtlwut4=",
      "index": 61,
      "skip": 0
    },
    {
      "id": "e5f63698-ad38-42b0-9a0f-8524fdc0a6a4",
      "timestampUtcMs": "2025-09-15T16:29:50.037Z",
      "type": "SET_INITIAL_STATE",
      "input": {
        "initialValue": "{\n  \"name\": \"\",\n  \"status\": \"DRAFT\",\n  \"documentTypes\": [{ \"id\": \"all-documents\", \"\" }],\n  \"dragAndDrop\": {\n    \"enabled\": false\n  }\n}",
        "scope": "global"
      },
      "scope": "global",
      "action": {
        "id": "d82231ca-a1af-42ec-8f33-4d9fd705f60f",
        "timestampUtcMs": "2025-09-15T16:29:50.035Z",
        "type": "SET_INITIAL_STATE",
        "input": {
          "initialValue": "{\n  \"name\": \"\",\n  \"status\": \"DRAFT\",\n  \"documentTypes\": [{ \"id\": \"all-documents\", \"\" }],\n  \"dragAndDrop\": {\n    \"enabled\": false\n  }\n}",
          "scope": "global"
        },
        "scope": "global"
      },
      "hash": "BOwopIuzv7p7CEyF58iHrnj1hZo=",
      "index": 62,
      "skip": 0
    },
    {
      "id": "ada00d94-3b19-41e2-bae4-25323d6b5ff4",
      "timestampUtcMs": "2025-09-15T16:30:00.998Z",
      "type": "SET_INITIAL_STATE",
      "input": {
        "initialValue": "{\n  \"name\": \"\",\n  \"status\": \"DRAFT\",\n  \"documentTypes\": [{ \"id\": \"all-documents\", \"documentType\": \"*\" }],\n  \"dragAndDrop\": {\n    \"enabled\": false\n  }\n}",
        "scope": "global"
      },
      "scope": "global",
      "action": {
        "id": "a4e125ae-44e6-4d8a-a233-39837430524f",
        "timestampUtcMs": "2025-09-15T16:30:00.997Z",
        "type": "SET_INITIAL_STATE",
        "input": {
          "initialValue": "{\n  \"name\": \"\",\n  \"status\": \"DRAFT\",\n  \"documentTypes\": [{ \"id\": \"all-documents\", \"documentType\": \"*\" }],\n  \"dragAndDrop\": {\n    \"enabled\": false\n  }\n}",
          "scope": "global"
        },
        "scope": "global"
      },
      "hash": "8YW3LE13iRnnB5ecoS8IUAyKMcA=",
      "index": 63,
      "skip": 0
    },
    {
      "id": "375bb7d3-72ae-4b95-aeb3-09e95f01e549",
      "timestampUtcMs": "2025-09-15T16:30:50.237Z",
      "type": "DELETE_OPERATION",
      "input": {
        "id": "1134db1d-ce83-4426-8c77-7547f3a84143"
      },
      "scope": "global",
      "action": {
        "id": "5fe900f7-bc08-4766-8fc0-7622c50a720c",
        "timestampUtcMs": "2025-09-15T16:30:50.236Z",
        "type": "DELETE_OPERATION",
        "input": {
          "id": "1134db1d-ce83-4426-8c77-7547f3a84143"
        },
        "scope": "global"
      },
      "hash": "TicREYeogpKBkDPoT73C+KpbS1c=",
      "index": 64,
      "skip": 0
    },
    {
      "id": "8cb78667-62f8-45d2-a6be-988aa0ca72ec",
      "timestampUtcMs": "2025-09-15T16:30:55.726Z",
      "type": "ADD_OPERATION",
      "input": {
        "id": "7376f168-695f-4aef-94d0-6e381666358c",
        "moduleId": "d274599a-ceb5-4f2b-8651-b25787306734",
        "name": "ADD_DOCUMENT_TYPE"
      },
      "scope": "global",
      "action": {
        "id": "1e3183e3-3471-425b-a943-49a5f6a7dca0",
        "timestampUtcMs": "2025-09-15T16:30:55.721Z",
        "type": "ADD_OPERATION",
        "input": {
          "id": "7376f168-695f-4aef-94d0-6e381666358c",
          "moduleId": "d274599a-ceb5-4f2b-8651-b25787306734",
          "name": "ADD_DOCUMENT_TYPE"
        },
        "scope": "global"
      },
      "hash": "7g353FgfFX/MyuluQLaFngzfjR4=",
      "index": 65,
      "skip": 0
    },
    {
      "id": "6374d773-483b-48ec-9ad6-07dc69d8b9ed",
      "timestampUtcMs": "2025-09-15T16:30:55.733Z",
      "type": "SET_OPERATION_SCHEMA",
      "input": {
        "id": "7376f168-695f-4aef-94d0-6e381666358c",
        "schema": "input AddDocumentTypeInput {\n  \"Add your inputs here\"\n  _placeholder: String\n}"
      },
      "scope": "global",
      "action": {
        "id": "84f7f076-863b-4738-ba2e-8eacfd8534d4",
        "timestampUtcMs": "2025-09-15T16:30:55.723Z",
        "type": "SET_OPERATION_SCHEMA",
        "input": {
          "id": "7376f168-695f-4aef-94d0-6e381666358c",
          "schema": "input AddDocumentTypeInput {\n  \"Add your inputs here\"\n  _placeholder: String\n}"
        },
        "scope": "global"
      },
      "hash": "7IkIetmNCgqF8Wf4RntYs0A+pdA=",
      "index": 66,
      "skip": 0
    },
    {
      "id": "2fe13aef-c196-40e9-8d0f-016cecd16f75",
      "timestampUtcMs": "2025-09-15T16:31:00.365Z",
      "type": "SET_OPERATION_SCHEMA",
      "input": {
        "id": "7376f168-695f-4aef-94d0-6e381666358c",
        "schema": "input AddDocumentTypeInput {\n  id: OID!\n  documentType: String!\n}"
      },
      "scope": "global",
      "action": {
        "id": "8eb64d84-5b9d-4185-93d7-43e1104f8d2d",
        "timestampUtcMs": "2025-09-15T16:31:00.365Z",
        "type": "SET_OPERATION_SCHEMA",
        "input": {
          "id": "7376f168-695f-4aef-94d0-6e381666358c",
          "schema": "input AddDocumentTypeInput {\n  id: OID!\n  documentType: String!\n}"
        },
        "scope": "global"
      },
      "hash": "yEEDVNlwb/LfVpKSWoc/2dMwwN4=",
      "index": 67,
      "skip": 0
    },
    {
      "id": "8c7be8f4-5e75-4a00-99d7-7b52af4e84d3",
      "timestampUtcMs": "2025-09-15T16:31:00.369Z",
      "type": "SET_OPERATION_SCHEMA",
      "input": {
        "id": "7376f168-695f-4aef-94d0-6e381666358c",
        "schema": "input AddDocumentTypeInput {\n  id: OID!\n  documentType: String!\n}"
      },
      "scope": "global",
      "action": {
        "id": "9ad56957-5566-4ad0-9858-2c829b7fa254",
        "timestampUtcMs": "2025-09-15T16:31:00.365Z",
        "type": "SET_OPERATION_SCHEMA",
        "input": {
          "id": "7376f168-695f-4aef-94d0-6e381666358c",
          "schema": "input AddDocumentTypeInput {\n  id: OID!\n  documentType: String!\n}"
        },
        "scope": "global"
      },
      "hash": "yEEDVNlwb/LfVpKSWoc/2dMwwN4=",
      "index": 68,
      "skip": 0
    },
    {
      "id": "678e5a9b-e530-4dac-bc9d-5e22bb48fb63",
      "timestampUtcMs": "2025-09-15T16:31:07.448Z",
      "type": "DELETE_OPERATION",
      "input": {
        "id": "4dd83b36-d6d5-4506-ac1b-0a1afc40ac84"
      },
      "scope": "global",
      "action": {
        "id": "2f21fd98-de54-477b-87b9-dcd5272e6d5b",
        "timestampUtcMs": "2025-09-15T16:31:07.446Z",
        "type": "DELETE_OPERATION",
        "input": {
          "id": "4dd83b36-d6d5-4506-ac1b-0a1afc40ac84"
        },
        "scope": "global"
      },
      "hash": "1iVsRA50Zh/CMgW2LMC8dm5LFBo=",
      "index": 69,
      "skip": 0
    },
    {
      "id": "10abbb27-5f59-4fa8-bf3e-2a82a38b49e9",
      "timestampUtcMs": "2025-09-15T16:31:12.641Z",
      "type": "ADD_OPERATION",
      "input": {
        "id": "310e4e5b-3f14-4e9a-8e09-5583c7698a65",
        "moduleId": "d274599a-ceb5-4f2b-8651-b25787306734",
        "name": "REMOVE_DOCUMENT_TYPE"
      },
      "scope": "global",
      "action": {
        "id": "9ac475da-752a-4065-a693-34a3b8ee865e",
        "timestampUtcMs": "2025-09-15T16:31:12.636Z",
        "type": "ADD_OPERATION",
        "input": {
          "id": "310e4e5b-3f14-4e9a-8e09-5583c7698a65",
          "moduleId": "d274599a-ceb5-4f2b-8651-b25787306734",
          "name": "REMOVE_DOCUMENT_TYPE"
        },
        "scope": "global"
      },
      "hash": "y5Q5MkjchqBf0BKvqEL2zuFhkKo=",
      "index": 70,
      "skip": 0
    },
    {
      "id": "7fc331ba-8054-40b8-98af-4cce6c47d397",
      "timestampUtcMs": "2025-09-15T16:31:12.649Z",
      "type": "SET_OPERATION_SCHEMA",
      "input": {
        "id": "310e4e5b-3f14-4e9a-8e09-5583c7698a65",
        "schema": "input RemoveDocumentTypeInput {\n  \"Add your inputs here\"\n  _placeholder: String\n}"
      },
      "scope": "global",
      "action": {
        "id": "45f190e0-d74a-4ca5-b1e9-724ecca54124",
        "timestampUtcMs": "2025-09-15T16:31:12.637Z",
        "type": "SET_OPERATION_SCHEMA",
        "input": {
          "id": "310e4e5b-3f14-4e9a-8e09-5583c7698a65",
          "schema": "input RemoveDocumentTypeInput {\n  \"Add your inputs here\"\n  _placeholder: String\n}"
        },
        "scope": "global"
      },
      "hash": "0+b6RS1qsiZnbpNkqYJPF6uYbDY=",
      "index": 71,
      "skip": 0
    },
    {
      "id": "fe59526e-4853-4a70-8f96-0218b3cd6265",
      "timestampUtcMs": "2025-09-15T16:31:16.314Z",
      "type": "SET_OPERATION_SCHEMA",
      "input": {
        "id": "310e4e5b-3f14-4e9a-8e09-5583c7698a65",
        "schema": "input RemoveDocumentTypeInput {\n  id: OID!\n}"
      },
      "scope": "global",
      "action": {
        "id": "c83f56b0-0bf6-499a-b84d-b5fae9f34d20",
        "timestampUtcMs": "2025-09-15T16:31:16.314Z",
        "type": "SET_OPERATION_SCHEMA",
        "input": {
          "id": "310e4e5b-3f14-4e9a-8e09-5583c7698a65",
          "schema": "input RemoveDocumentTypeInput {\n  id: OID!\n}"
        },
        "scope": "global"
      },
      "hash": "Tw5iHGEHtRVT0N8tztF6IpIUWjM=",
      "index": 72,
      "skip": 0
    },
    {
      "id": "a47a197d-33ef-46f6-a0ff-3b8a1048bde6",
      "timestampUtcMs": "2025-09-15T16:31:16.318Z",
      "type": "SET_OPERATION_SCHEMA",
      "input": {
        "id": "310e4e5b-3f14-4e9a-8e09-5583c7698a65",
        "schema": "input RemoveDocumentTypeInput {\n  id: OID!\n}"
      },
      "scope": "global",
      "action": {
        "id": "eb72ac78-5cd4-4228-95f4-f441317b9cc1",
        "timestampUtcMs": "2025-09-15T16:31:16.314Z",
        "type": "SET_OPERATION_SCHEMA",
        "input": {
          "id": "310e4e5b-3f14-4e9a-8e09-5583c7698a65",
          "schema": "input RemoveDocumentTypeInput {\n  id: OID!\n}"
        },
        "scope": "global"
      },
      "hash": "Tw5iHGEHtRVT0N8tztF6IpIUWjM=",
      "index": 73,
      "skip": 0
    },
    {
      "id": "b7440b66-5477-44b6-be5c-c083eaf6c0a4",
      "timestampUtcMs": "2025-09-15T16:35:20.383Z",
      "type": "SET_STATE_SCHEMA",
      "input": {
        "schema": "type AppModuleState {\n  name: String!\n  status: StatusType!\n  documentTypes: [DocumentTypeItem!]\n  dragAndDrop: DragAndDropSettings\n}\n\nenum StatusType {\n  DRAFT\n  CONFIRMED\n}\n\ntype DocumentTypeItem {\n  id: OID!\n  documentType: String!\n}\n\ntype DragAndDropSettings {\n  enabled: Boolean!\n}",
        "scope": "global"
      },
      "scope": "global",
      "action": {
        "id": "e5632571-11fe-4494-963f-9db83f5cd378",
        "timestampUtcMs": "2025-09-15T16:35:20.382Z",
        "type": "SET_STATE_SCHEMA",
        "input": {
          "schema": "type AppModuleState {\n  name: String!\n  status: StatusType!\n  documentTypes: [DocumentTypeItem!]\n  dragAndDrop: DragAndDropSettings\n}\n\nenum StatusType {\n  DRAFT\n  CONFIRMED\n}\n\ntype DocumentTypeItem {\n  id: OID!\n  documentType: String!\n}\n\ntype DragAndDropSettings {\n  enabled: Boolean!\n}",
          "scope": "global"
        },
        "scope": "global"
      },
      "hash": "KAsnC6EIjIC+96KnH6M3uuJrjOc=",
      "index": 74,
      "skip": 0
    },
    {
      "id": "a3d37f70-0a17-4c44-8d5c-32ac605306c5",
      "timestampUtcMs": "2025-09-15T16:35:20.389Z",
      "type": "SET_STATE_SCHEMA",
      "input": {
        "schema": "type AppModuleState {\n  name: String!\n  status: StatusType!\n  documentTypes: [DocumentTypeItem!]\n  dragAndDrop: DragAndDropSettings\n}\n\nenum StatusType {\n  DRAFT\n  CONFIRMED\n}\n\ntype DocumentTypeItem {\n  id: OID!\n  documentType: String!\n}\n\ntype DragAndDropSettings {\n  enabled: Boolean!\n}",
        "scope": "global"
      },
      "scope": "global",
      "action": {
        "id": "9eb99823-fe65-4fc7-accd-fc4b0037ecc5",
        "timestampUtcMs": "2025-09-15T16:35:20.383Z",
        "type": "SET_STATE_SCHEMA",
        "input": {
          "schema": "type AppModuleState {\n  name: String!\n  status: StatusType!\n  documentTypes: [DocumentTypeItem!]\n  dragAndDrop: DragAndDropSettings\n}\n\nenum StatusType {\n  DRAFT\n  CONFIRMED\n}\n\ntype DocumentTypeItem {\n  id: OID!\n  documentType: String!\n}\n\ntype DragAndDropSettings {\n  enabled: Boolean!\n}",
          "scope": "global"
        },
        "scope": "global"
      },
      "hash": "KAsnC6EIjIC+96KnH6M3uuJrjOc=",
      "index": 75,
      "skip": 0
    },
    {
      "id": "7d750031-1e69-469e-bf71-76ec245c93e0",
      "timestampUtcMs": "2025-09-15T17:22:38.169Z",
      "type": "SET_INITIAL_STATE",
      "input": {
        "initialValue": "{\n  \"name\": \"\",\n  \"status\": \"DRAFT\",\n  \"documentTypes\": [{ \"id\": \"all-documents\", \"documentType\": \"*\" }],\n  \"dragAndDrop\": {\n    \"enabled\": true\n  }\n}",
        "scope": "global"
      },
      "scope": "global",
      "action": {
        "id": "eedb2e4f-8fe9-4fb5-8b56-523adef9a366",
        "timestampUtcMs": "2025-09-15T17:22:38.169Z",
        "type": "SET_INITIAL_STATE",
        "input": {
          "initialValue": "{\n  \"name\": \"\",\n  \"status\": \"DRAFT\",\n  \"documentTypes\": [{ \"id\": \"all-documents\", \"documentType\": \"*\" }],\n  \"dragAndDrop\": {\n    \"enabled\": true\n  }\n}",
          "scope": "global"
        },
        "scope": "global"
      },
      "hash": "MutKI/Fl7IAt8tQ4NEf+5tnfg0k=",
      "index": 76,
      "skip": 0
    },
    {
      "id": "fd286622-a1ba-4cab-91da-84248bdf18df",
      "timestampUtcMs": "2025-09-15T17:22:38.176Z",
      "type": "SET_INITIAL_STATE",
      "input": {
        "initialValue": "{\n  \"name\": \"\",\n  \"status\": \"DRAFT\",\n  \"documentTypes\": [{ \"id\": \"all-documents\", \"documentType\": \"*\" }],\n  \"dragAndDrop\": {\n    \"enabled\": true\n  }\n}",
        "scope": "global"
      },
      "scope": "global",
      "action": {
        "id": "ca3d070f-874c-4272-b0b8-0576b6e0920a",
        "timestampUtcMs": "2025-09-15T17:22:38.169Z",
        "type": "SET_INITIAL_STATE",
        "input": {
          "initialValue": "{\n  \"name\": \"\",\n  \"status\": \"DRAFT\",\n  \"documentTypes\": [{ \"id\": \"all-documents\", \"documentType\": \"*\" }],\n  \"dragAndDrop\": {\n    \"enabled\": true\n  }\n}",
          "scope": "global"
        },
        "scope": "global"
      },
      "hash": "MutKI/Fl7IAt8tQ4NEf+5tnfg0k=",
      "index": 77,
      "skip": 0
    }
  ],
  "local": []
}