{
  "global": [
    {
      "id": "a91172e6-6556-4371-aaca-a33f87bb1495",
      "timestamp": "2025-08-14T21:11:07.291Z",
      "type": "SET_MODEL_NAME",
      "input": {
        "name": "document-editor"
      },
      "scope": "global",
      "action": {
        "id": "811d1c2c-b354-4d64-8534-51c6c8484cfc",
        "timestamp": "2025-08-14T21:11:07.291Z",
        "type": "SET_MODEL_NAME",
        "input": {
          "name": "document-editor"
        },
        "scope": "global"
      },
      "hash": "l8SGicI8YQco7hGq4R5qVmQNz1I=",
      "index": 0,
      "skip": 0
    },
    {
      "id": "4583a7a4-6f7b-45b3-bd1e-e07034a41df7",
      "timestamp": "2025-08-14T21:11:07.317Z",
      "type": "SET_STATE_SCHEMA",
      "input": {
        "schema": "type DocumentEditorState {\n  \"Add your global state fields here\"\n  _placeholder: String\n}",
        "scope": "global"
      },
      "scope": "global",
      "action": {
        "id": "44b2731b-b1a6-4a76-9526-96e69c31c529",
        "timestamp": "2025-08-14T21:11:07.292Z",
        "type": "SET_STATE_SCHEMA",
        "input": {
          "schema": "type DocumentEditorState {\n  \"Add your global state fields here\"\n  _placeholder: String\n}",
          "scope": "global"
        },
        "scope": "global"
      },
      "hash": "kc9z3cJb/mvd9HEGnWFHjYDYkkg=",
      "index": 1,
      "skip": 0
    },
    {
      "id": "7fb92edb-9742-4103-a57b-b1d9b2e56d69",
      "timestamp": "2025-08-14T21:11:14.594Z",
      "type": "SET_MODEL_NAME",
      "input": {
        "name": "Document Editor"
      },
      "scope": "global",
      "action": {
        "id": "e24417fa-d298-4e6d-9429-b67d37458a5a",
        "timestamp": "2025-08-14T21:11:14.594Z",
        "type": "SET_MODEL_NAME",
        "input": {
          "name": "Document Editor"
        },
        "scope": "global"
      },
      "hash": "/41uu6LsuKSginR32RC1oV3+q/A=",
      "index": 2,
      "skip": 0
    },
    {
      "id": "52858dbb-69f1-4bd6-8ae7-bd69647d2d72",
      "timestamp": "2025-08-14T21:11:18.423Z",
      "type": "SET_MODEL_ID",
      "input": {
        "id": "powerhouse/document-editor"
      },
      "scope": "global",
      "action": {
        "id": "e244004b-573a-4aa3-a033-d6e8152818cd",
        "timestamp": "2025-08-14T21:11:18.423Z",
        "type": "SET_MODEL_ID",
        "input": {
          "id": "powerhouse/document-editor"
        },
        "scope": "global"
      },
      "hash": "Kt0lb0JkyoareiA/GgGC+/OQ0+Y=",
      "index": 3,
      "skip": 0
    },
    {
      "id": "0b216ad3-97a3-4215-83b2-40747e0016b8",
      "timestamp": "2025-08-14T21:11:23.841Z",
      "type": "SET_AUTHOR_NAME",
      "input": {
        "authorName": "Powerhouse"
      },
      "scope": "global",
      "action": {
        "id": "9d4d78ea-1d67-4f19-91f6-da1a3dce17fa",
        "timestamp": "2025-08-14T21:11:23.841Z",
        "type": "SET_AUTHOR_NAME",
        "input": {
          "authorName": "Powerhouse"
        },
        "scope": "global"
      },
      "hash": "+9j+YOd7OZnGmNdIdJiuiUV0ubQ=",
      "index": 4,
      "skip": 0
    },
    {
      "id": "b80ab57e-92d0-45b6-a84a-26c54f3d673d",
      "timestamp": "2025-08-14T21:11:30.894Z",
      "type": "SET_AUTHOR_WEBSITE",
      "input": {
        "authorWebsite": "https://powerhouse.inc"
      },
      "scope": "global",
      "action": {
        "id": "b32c3aef-6e84-4527-b89d-97c7b7dd81c5",
        "timestamp": "2025-08-14T21:11:30.894Z",
        "type": "SET_AUTHOR_WEBSITE",
        "input": {
          "authorWebsite": "https://powerhouse.inc"
        },
        "scope": "global"
      },
      "hash": "XxASUbWljqB1MTA24FsQVfPYHvE=",
      "index": 5,
      "skip": 0
    },
    {
      "id": "4e2743cb-27af-4ef2-9dee-a3ec4449b635",
      "timestamp": "2025-08-14T21:11:33.962Z",
      "type": "SET_MODEL_EXTENSION",
      "input": {
        "extension": ".phdm"
      },
      "scope": "global",
      "action": {
        "id": "36f1e805-69af-4b3e-93eb-03649a6929e0",
        "timestamp": "2025-08-14T21:11:33.962Z",
        "type": "SET_MODEL_EXTENSION",
        "input": {
          "extension": ".phdm"
        },
        "scope": "global"
      },
      "hash": "17ErRKVSV7z+Dok7UrBjgL0lql0=",
      "index": 6,
      "skip": 0
    },
    {
      "id": "6d3ed8e7-8c1a-4177-a889-6b0e67c5ba5a",
      "timestamp": "2025-08-14T21:11:43.961Z",
      "type": "SET_STATE_SCHEMA",
      "input": {
        "schema": "type DocumentEditorState {\n  \"Add your global state fields here\"\n  _placeholder: String\n}\n\ntype DocumentTypeItem {\n  id: OID!\n  documentType: String!\n}\n\nenum StatusType {\n  DRAFT\n  CONFIRMED\n}",
        "scope": "global"
      },
      "scope": "global",
      "action": {
        "id": "87e0552a-f3b4-41b5-b0c5-782b4ff56784",
        "timestamp": "2025-08-14T21:11:43.958Z",
        "type": "SET_STATE_SCHEMA",
        "input": {
          "schema": "type DocumentEditorState {\n  \"Add your global state fields here\"\n  _placeholder: String\n}\n\ntype DocumentTypeItem {\n  id: OID!\n  documentType: String!\n}\n\nenum StatusType {\n  DRAFT\n  CONFIRMED\n}",
          "scope": "global"
        },
        "scope": "global"
      },
      "hash": "647ZVtpF++UMatJ3cLVbeYGCmzI=",
      "index": 7,
      "skip": 0
    },
    {
      "id": "88142ea0-d168-4c9f-b6f8-d8a2104de13e",
      "timestamp": "2025-08-14T21:11:43.961Z",
      "type": "SET_STATE_SCHEMA",
      "input": {
        "schema": "type DocumentEditorState {\n  \"Add your global state fields here\"\n  _placeholder: String\n}\n\ntype DocumentTypeItem {\n  id: OID!\n  documentType: String!\n}\n\nenum StatusType {\n  DRAFT\n  CONFIRMED\n}",
        "scope": "global"
      },
      "scope": "global",
      "action": {
        "id": "d53cacfd-8a0a-4b75-ba53-5bbf8eb4d332",
        "timestamp": "2025-08-14T21:11:43.959Z",
        "type": "SET_STATE_SCHEMA",
        "input": {
          "schema": "type DocumentEditorState {\n  \"Add your global state fields here\"\n  _placeholder: String\n}\n\ntype DocumentTypeItem {\n  id: OID!\n  documentType: String!\n}\n\nenum StatusType {\n  DRAFT\n  CONFIRMED\n}",
          "scope": "global"
        },
        "scope": "global"
      },
      "hash": "647ZVtpF++UMatJ3cLVbeYGCmzI=",
      "index": 8,
      "skip": 0
    },
    {
      "id": "8892589e-a57b-4413-8266-9257ea411912",
      "timestamp": "2025-08-14T21:11:52.185Z",
      "type": "SET_STATE_SCHEMA",
      "input": {
        "schema": "type DocumentEditorState {\n  name: String!\n  documentTypes: [DocumentTypeItem!]!\n  status: StatusType!\n}\n\ntype DocumentTypeItem {\n  id: OID!\n  documentType: String!\n}\n\nenum StatusType {\n  DRAFT\n  CONFIRMED\n}",
        "scope": "global"
      },
      "scope": "global",
      "action": {
        "id": "7ef6e55b-df3c-4e67-bc0b-23041df57601",
        "timestamp": "2025-08-14T21:11:52.184Z",
        "type": "SET_STATE_SCHEMA",
        "input": {
          "schema": "type DocumentEditorState {\n  name: String!\n  documentTypes: [DocumentTypeItem!]!\n  status: StatusType!\n}\n\ntype DocumentTypeItem {\n  id: OID!\n  documentType: String!\n}\n\nenum StatusType {\n  DRAFT\n  CONFIRMED\n}",
          "scope": "global"
        },
        "scope": "global"
      },
      "hash": "+ezDgJ5s0ZNNg03G/LNHI1K25BI=",
      "index": 9,
      "skip": 0
    },
    {
      "id": "bd1b571b-3db3-4be2-a879-40feede37afb",
      "timestamp": "2025-08-14T21:11:52.186Z",
      "type": "SET_STATE_SCHEMA",
      "input": {
        "schema": "type DocumentEditorState {\n  name: String!\n  documentTypes: [DocumentTypeItem!]!\n  status: StatusType!\n}\n\ntype DocumentTypeItem {\n  id: OID!\n  documentType: String!\n}\n\nenum StatusType {\n  DRAFT\n  CONFIRMED\n}",
        "scope": "global"
      },
      "scope": "global",
      "action": {
        "id": "0e336654-caee-4644-8d9d-0f8e961aa6ea",
        "timestamp": "2025-08-14T21:11:52.184Z",
        "type": "SET_STATE_SCHEMA",
        "input": {
          "schema": "type DocumentEditorState {\n  name: String!\n  documentTypes: [DocumentTypeItem!]!\n  status: StatusType!\n}\n\ntype DocumentTypeItem {\n  id: OID!\n  documentType: String!\n}\n\nenum StatusType {\n  DRAFT\n  CONFIRMED\n}",
          "scope": "global"
        },
        "scope": "global"
      },
      "hash": "+ezDgJ5s0ZNNg03G/LNHI1K25BI=",
      "index": 10,
      "skip": 0
    },
    {
      "id": "696f3b89-8b87-4a62-8d34-bb4eec700875",
      "timestamp": "2025-08-14T21:11:54.946Z",
      "type": "SET_INITIAL_STATE",
      "input": {
        "initialValue": "{\n  \"name\": \"\",\n  \"documentTypes\": []\n}",
        "scope": "global"
      },
      "scope": "global",
      "action": {
        "id": "712adcca-f5e3-4985-ae5a-7f81f1568a81",
        "timestamp": "2025-08-14T21:11:54.945Z",
        "type": "SET_INITIAL_STATE",
        "input": {
          "initialValue": "{\n  \"name\": \"\",\n  \"documentTypes\": []\n}",
          "scope": "global"
        },
        "scope": "global"
      },
      "hash": "6loKXhMsRAODO3UYxcmMwGutDyA=",
      "index": 11,
      "skip": 0
    },
    {
      "id": "b3923b6c-6e34-4c73-8938-911c06284556",
      "timestamp": "2025-08-14T21:12:11.550Z",
      "type": "SET_INITIAL_STATE",
      "input": {
        "initialValue": "{\n  \"name\": \"\",\n  \"documentTypes\": [],\n  \"status\": \"DRAFT\"\n}",
        "scope": "global"
      },
      "scope": "global",
      "action": {
        "id": "f0be90aa-aba4-4dcb-a8a9-5e6de383997d",
        "timestamp": "2025-08-14T21:12:11.549Z",
        "type": "SET_INITIAL_STATE",
        "input": {
          "initialValue": "{\n  \"name\": \"\",\n  \"documentTypes\": [],\n  \"status\": \"DRAFT\"\n}",
          "scope": "global"
        },
        "scope": "global"
      },
      "hash": "mEP7g1cSZsuZFmc3clY/0c2x/f0=",
      "index": 12,
      "skip": 0
    },
    {
      "id": "94d1c8d8-ceb0-46ba-bf1a-0f9bdc16c643",
      "timestamp": "2025-08-14T21:12:11.551Z",
      "type": "SET_INITIAL_STATE",
      "input": {
        "initialValue": "{\n  \"name\": \"\",\n  \"documentTypes\": [],\n  \"status\": \"DRAFT\"\n}",
        "scope": "global"
      },
      "scope": "global",
      "action": {
        "id": "1cfe0b87-0c9a-4685-8146-6f9d9d202d04",
        "timestamp": "2025-08-14T21:12:11.550Z",
        "type": "SET_INITIAL_STATE",
        "input": {
          "initialValue": "{\n  \"name\": \"\",\n  \"documentTypes\": [],\n  \"status\": \"DRAFT\"\n}",
          "scope": "global"
        },
        "scope": "global"
      },
      "hash": "mEP7g1cSZsuZFmc3clY/0c2x/f0=",
      "index": 13,
      "skip": 0
    },
    {
      "id": "79449771-d38f-488e-bbda-2699241d8bf2",
      "timestamp": "2025-08-14T21:12:15.155Z",
      "type": "ADD_MODULE",
      "input": {
        "id": "73f6d103-47cb-4074-a736-a3eaf5d079bf",
        "name": "base_operations"
      },
      "scope": "global",
      "action": {
        "id": "72bd844c-5aae-4b61-bf5d-29bb2b8fe208",
        "timestamp": "2025-08-14T21:12:15.155Z",
        "type": "ADD_MODULE",
        "input": {
          "id": "73f6d103-47cb-4074-a736-a3eaf5d079bf",
          "name": "base_operations"
        },
        "scope": "global"
      },
      "hash": "alKvbueNxgjRLHCN0OX8/X5JxAU=",
      "index": 14,
      "skip": 0
    },
    {
      "id": "19098c9b-b303-421a-8129-cff35c4a719a",
      "timestamp": "2025-08-14T21:12:24.658Z",
      "type": "ADD_OPERATION",
      "input": {
        "id": "50a16f00-d25a-4c97-9632-4ce3b951a402",
        "moduleId": "73f6d103-47cb-4074-a736-a3eaf5d079bf",
        "name": "SET_EDITOR_NAME"
      },
      "scope": "global",
      "action": {
        "id": "c6a5d43f-0d14-4d2c-9fd4-197f907e6de6",
        "timestamp": "2025-08-14T21:12:24.657Z",
        "type": "ADD_OPERATION",
        "input": {
          "id": "50a16f00-d25a-4c97-9632-4ce3b951a402",
          "moduleId": "73f6d103-47cb-4074-a736-a3eaf5d079bf",
          "name": "SET_EDITOR_NAME"
        },
        "scope": "global"
      },
      "hash": "QjlUmrCRJjPhkmZyt2xEAQYV6GU=",
      "index": 15,
      "skip": 0
    },
    {
      "id": "7c6b9d82-dc99-4811-a37f-6b8fba254b4b",
      "timestamp": "2025-08-14T21:12:24.664Z",
      "type": "SET_OPERATION_SCHEMA",
      "input": {
        "id": "50a16f00-d25a-4c97-9632-4ce3b951a402",
        "schema": "input SetEditorNameInput {\n  \"Add your inputs here\"\n  _placeholder: String\n}"
      },
      "scope": "global",
      "action": {
        "id": "2851f12c-6b0b-40c5-9111-212fcc9df640",
        "timestamp": "2025-08-14T21:12:24.664Z",
        "type": "SET_OPERATION_SCHEMA",
        "input": {
          "id": "50a16f00-d25a-4c97-9632-4ce3b951a402",
          "schema": "input SetEditorNameInput {\n  \"Add your inputs here\"\n  _placeholder: String\n}"
        },
        "scope": "global"
      },
      "hash": "tWkAVx8SaS9ISAGzTQv4gtiLxZ4=",
      "index": 16,
      "skip": 0
    },
    {
      "id": "962b19b6-2e31-4c99-bad7-950f0b159e6e",
      "timestamp": "2025-08-14T21:12:42.956Z",
      "type": "SET_OPERATION_SCHEMA",
      "input": {
        "id": "50a16f00-d25a-4c97-9632-4ce3b951a402",
        "schema": "input SetEditorNameInput {\n  name: String!\n}"
      },
      "scope": "global",
      "action": {
        "id": "557d59d7-5da4-495c-9199-640b252ec997",
        "timestamp": "2025-08-14T21:12:42.954Z",
        "type": "SET_OPERATION_SCHEMA",
        "input": {
          "id": "50a16f00-d25a-4c97-9632-4ce3b951a402",
          "schema": "input SetEditorNameInput {\n  name: String!\n}"
        },
        "scope": "global"
      },
      "hash": "/EivN94giZ8gybM24DiUFYyKfxY=",
      "index": 17,
      "skip": 0
    },
    {
      "id": "1a567866-9e5a-4e20-ab76-a5c45bea5231",
      "timestamp": "2025-08-14T21:12:42.956Z",
      "type": "SET_OPERATION_SCHEMA",
      "input": {
        "id": "50a16f00-d25a-4c97-9632-4ce3b951a402",
        "schema": "input SetEditorNameInput {\n  name: String!\n}"
      },
      "scope": "global",
      "action": {
        "id": "7b7693c1-6ada-4a2b-b3d0-9ab4ef2f2204",
        "timestamp": "2025-08-14T21:12:42.954Z",
        "type": "SET_OPERATION_SCHEMA",
        "input": {
          "id": "50a16f00-d25a-4c97-9632-4ce3b951a402",
          "schema": "input SetEditorNameInput {\n  name: String!\n}"
        },
        "scope": "global"
      },
      "hash": "/EivN94giZ8gybM24DiUFYyKfxY=",
      "index": 18,
      "skip": 0
    },
    {
      "id": "7b914d7a-f355-4cb6-8005-d30802757f04",
      "timestamp": "2025-08-14T21:12:49.918Z",
      "type": "ADD_OPERATION",
      "input": {
        "id": "acee4272-f29e-4a19-aaf9-bae2cb6652ab",
        "moduleId": "73f6d103-47cb-4074-a736-a3eaf5d079bf",
        "name": "ADD_DOCUMENT_TYPE"
      },
      "scope": "global",
      "action": {
        "id": "cb035b76-b248-4cec-9080-0c17a9a171a6",
        "timestamp": "2025-08-14T21:12:49.918Z",
        "type": "ADD_OPERATION",
        "input": {
          "id": "acee4272-f29e-4a19-aaf9-bae2cb6652ab",
          "moduleId": "73f6d103-47cb-4074-a736-a3eaf5d079bf",
          "name": "ADD_DOCUMENT_TYPE"
        },
        "scope": "global"
      },
      "hash": "AoFX7+UuxuQX8o3e7VrN0xUj4VA=",
      "index": 19,
      "skip": 0
    },
    {
      "id": "6147bed2-9477-4501-b708-7f28ecf74127",
      "timestamp": "2025-08-14T21:12:49.928Z",
      "type": "SET_OPERATION_SCHEMA",
      "input": {
        "id": "acee4272-f29e-4a19-aaf9-bae2cb6652ab",
        "schema": "input AddDocumentTypeInput {\n  \"Add your inputs here\"\n  _placeholder: String\n}"
      },
      "scope": "global",
      "action": {
        "id": "dde74274-12ef-481c-a776-85001d31cc8c",
        "timestamp": "2025-08-14T21:12:49.928Z",
        "type": "SET_OPERATION_SCHEMA",
        "input": {
          "id": "acee4272-f29e-4a19-aaf9-bae2cb6652ab",
          "schema": "input AddDocumentTypeInput {\n  \"Add your inputs here\"\n  _placeholder: String\n}"
        },
        "scope": "global"
      },
      "hash": "Ez5+q0QkDEI0v4xtkQVvQAj8Xy4=",
      "index": 20,
      "skip": 0
    },
    {
      "id": "2c90e60c-550b-4cf7-b7cd-97275d848215",
      "timestamp": "2025-08-14T21:13:02.144Z",
      "type": "SET_OPERATION_SCHEMA",
      "input": {
        "id": "acee4272-f29e-4a19-aaf9-bae2cb6652ab",
        "schema": "input AddDocumentTypeInput {\n  id: OID!\n  documentType: String!\n}"
      },
      "scope": "global",
      "action": {
        "id": "2e212b2a-9b39-419e-8e04-9c41c69606c9",
        "timestamp": "2025-08-14T21:13:02.142Z",
        "type": "SET_OPERATION_SCHEMA",
        "input": {
          "id": "acee4272-f29e-4a19-aaf9-bae2cb6652ab",
          "schema": "input AddDocumentTypeInput {\n  id: OID!\n  documentType: String!\n}"
        },
        "scope": "global"
      },
      "hash": "CqDCf5/EVh3MtI3bSLXgC1P+fZk=",
      "index": 21,
      "skip": 0
    },
    {
      "id": "d0463f4b-40a9-47d0-a5b4-4bfc470f280f",
      "timestamp": "2025-08-14T21:13:02.145Z",
      "type": "SET_OPERATION_SCHEMA",
      "input": {
        "id": "acee4272-f29e-4a19-aaf9-bae2cb6652ab",
        "schema": "input AddDocumentTypeInput {\n  id: OID!\n  documentType: String!\n}"
      },
      "scope": "global",
      "action": {
        "id": "ee7e4cf6-3c97-4171-9f1a-1e3eb0da447c",
        "timestamp": "2025-08-14T21:13:02.143Z",
        "type": "SET_OPERATION_SCHEMA",
        "input": {
          "id": "acee4272-f29e-4a19-aaf9-bae2cb6652ab",
          "schema": "input AddDocumentTypeInput {\n  id: OID!\n  documentType: String!\n}"
        },
        "scope": "global"
      },
      "hash": "CqDCf5/EVh3MtI3bSLXgC1P+fZk=",
      "index": 22,
      "skip": 0
    },
    {
      "id": "b1f90f6c-e18e-4dae-b564-dc5cb6bb8fb7",
      "timestamp": "2025-08-14T21:13:05.847Z",
      "type": "ADD_OPERATION",
      "input": {
        "id": "6c549776-0fc3-4632-a6c7-8721fa6ee41c",
        "moduleId": "73f6d103-47cb-4074-a736-a3eaf5d079bf",
        "name": "REMOVE_DOCUMENT_TYPE"
      },
      "scope": "global",
      "action": {
        "id": "8654dcca-7949-4172-bcc0-6a32f308ffcc",
        "timestamp": "2025-08-14T21:13:05.847Z",
        "type": "ADD_OPERATION",
        "input": {
          "id": "6c549776-0fc3-4632-a6c7-8721fa6ee41c",
          "moduleId": "73f6d103-47cb-4074-a736-a3eaf5d079bf",
          "name": "REMOVE_DOCUMENT_TYPE"
        },
        "scope": "global"
      },
      "hash": "Nv0GPwgmH5pv7sYQk8oRvcqACiM=",
      "index": 23,
      "skip": 0
    },
    {
      "id": "6f824f70-f258-49e5-b230-1687ae8d3fca",
      "timestamp": "2025-08-14T21:13:05.857Z",
      "type": "SET_OPERATION_SCHEMA",
      "input": {
        "id": "6c549776-0fc3-4632-a6c7-8721fa6ee41c",
        "schema": "input RemoveDocumentTypeInput {\n  \"Add your inputs here\"\n  _placeholder: String\n}"
      },
      "scope": "global",
      "action": {
        "id": "b7490b55-1f35-41ed-ad92-053c9b75b3e2",
        "timestamp": "2025-08-14T21:13:05.857Z",
        "type": "SET_OPERATION_SCHEMA",
        "input": {
          "id": "6c549776-0fc3-4632-a6c7-8721fa6ee41c",
          "schema": "input RemoveDocumentTypeInput {\n  \"Add your inputs here\"\n  _placeholder: String\n}"
        },
        "scope": "global"
      },
      "hash": "gb/GZI1SpEUrnBUnuEXZl5eEaMc=",
      "index": 24,
      "skip": 0
    },
    {
      "id": "f3ec3d7a-05a2-4596-8739-65802745f6b1",
      "timestamp": "2025-08-14T21:13:15.957Z",
      "type": "SET_OPERATION_SCHEMA",
      "input": {
        "id": "6c549776-0fc3-4632-a6c7-8721fa6ee41c",
        "schema": "input RemoveDocumentTypeInput {\n  id: OID!\n}"
      },
      "scope": "global",
      "action": {
        "id": "87ba4433-9dd0-44ae-8813-66f98c643ef6",
        "timestamp": "2025-08-14T21:13:15.953Z",
        "type": "SET_OPERATION_SCHEMA",
        "input": {
          "id": "6c549776-0fc3-4632-a6c7-8721fa6ee41c",
          "schema": "input RemoveDocumentTypeInput {\n  id: OID!\n}"
        },
        "scope": "global"
      },
      "hash": "0QHMUgWG1w20rSy4xE27nHtSmwg=",
      "index": 25,
      "skip": 0
    },
    {
      "id": "045dff36-2895-4cec-b060-6f35579081f2",
      "timestamp": "2025-08-14T21:13:15.958Z",
      "type": "SET_OPERATION_SCHEMA",
      "input": {
        "id": "6c549776-0fc3-4632-a6c7-8721fa6ee41c",
        "schema": "input RemoveDocumentTypeInput {\n  id: OID!\n}"
      },
      "scope": "global",
      "action": {
        "id": "ee978f02-7c68-4c5f-a21b-9781c978a034",
        "timestamp": "2025-08-14T21:13:15.955Z",
        "type": "SET_OPERATION_SCHEMA",
        "input": {
          "id": "6c549776-0fc3-4632-a6c7-8721fa6ee41c",
          "schema": "input RemoveDocumentTypeInput {\n  id: OID!\n}"
        },
        "scope": "global"
      },
      "hash": "0QHMUgWG1w20rSy4xE27nHtSmwg=",
      "index": 26,
      "skip": 0
    },
    {
      "id": "2552c952-5bf9-4fa6-9bd2-d637bf82b7f7",
      "timestamp": "2025-08-14T21:13:22.517Z",
      "type": "ADD_OPERATION",
      "input": {
        "id": "e9aa7f08-553b-452f-a494-126ace6b15f7",
        "moduleId": "73f6d103-47cb-4074-a736-a3eaf5d079bf",
        "name": "SET_EDITOR_STATUS"
      },
      "scope": "global",
      "action": {
        "id": "87c1094c-eebe-4944-8de9-a3df1f31c275",
        "timestamp": "2025-08-14T21:13:22.517Z",
        "type": "ADD_OPERATION",
        "input": {
          "id": "e9aa7f08-553b-452f-a494-126ace6b15f7",
          "moduleId": "73f6d103-47cb-4074-a736-a3eaf5d079bf",
          "name": "SET_EDITOR_STATUS"
        },
        "scope": "global"
      },
      "hash": "1HX37KOFtf9BgwC9O9CAWaFX+Ck=",
      "index": 27,
      "skip": 0
    },
    {
      "id": "8980fe35-bcd4-43aa-97cb-35872c6a0ddf",
      "timestamp": "2025-08-14T21:13:22.531Z",
      "type": "SET_OPERATION_SCHEMA",
      "input": {
        "id": "e9aa7f08-553b-452f-a494-126ace6b15f7",
        "schema": "input SetEditorStatusInput {\n  \"Add your inputs here\"\n  _placeholder: String\n}"
      },
      "scope": "global",
      "action": {
        "id": "910dcf04-0175-4b89-8656-484db96fa18a",
        "timestamp": "2025-08-14T21:13:22.530Z",
        "type": "SET_OPERATION_SCHEMA",
        "input": {
          "id": "e9aa7f08-553b-452f-a494-126ace6b15f7",
          "schema": "input SetEditorStatusInput {\n  \"Add your inputs here\"\n  _placeholder: String\n}"
        },
        "scope": "global"
      },
      "hash": "KCsmPwAre6/bVQTR2NMXojIPBbU=",
      "index": 28,
      "skip": 0
    },
    {
      "id": "7f54fa2c-b20a-4717-8dcb-64907ab9b939",
      "timestamp": "2025-08-14T21:13:55.271Z",
      "type": "SET_OPERATION_SCHEMA",
      "input": {
        "id": "e9aa7f08-553b-452f-a494-126ace6b15f7",
        "schema": "input SetEditorStatusInput {\n  status: StatusType!\n}"
      },
      "scope": "global",
      "action": {
        "id": "6dc34339-90ca-46c3-83f0-2b77d512df6d",
        "timestamp": "2025-08-14T21:13:55.271Z",
        "type": "SET_OPERATION_SCHEMA",
        "input": {
          "id": "e9aa7f08-553b-452f-a494-126ace6b15f7",
          "schema": "input SetEditorStatusInput {\n  status: StatusType!\n}"
        },
        "scope": "global"
      },
      "hash": "vPL6PzPI7wWnkY4eGFYHwWeWYA0=",
      "index": 29,
      "skip": 0
    },
    {
      "id": "6c151416-f454-43c8-bb80-c24bdbb771e2",
      "timestamp": "2025-08-14T21:13:55.273Z",
      "type": "SET_OPERATION_SCHEMA",
      "input": {
        "id": "e9aa7f08-553b-452f-a494-126ace6b15f7",
        "schema": "input SetEditorStatusInput {\n  status: StatusType!\n}"
      },
      "scope": "global",
      "action": {
        "id": "5b06f0c4-122e-4c22-8af4-0f60923ebc12",
        "timestamp": "2025-08-14T21:13:55.272Z",
        "type": "SET_OPERATION_SCHEMA",
        "input": {
          "id": "e9aa7f08-553b-452f-a494-126ace6b15f7",
          "schema": "input SetEditorStatusInput {\n  status: StatusType!\n}"
        },
        "scope": "global"
      },
      "hash": "vPL6PzPI7wWnkY4eGFYHwWeWYA0=",
      "index": 30,
      "skip": 0
    }
  ],
  "local": []
}